Unnamed: 0,Name,Year,GroupNum,Status,Birth_Date,Birth_Place,Gender,Alma_Mater,Undergraduate_Major,Graduate_Major,Military_Rank,Military_Branch,Space_Flights,Space_Flight_hr,Space_Walks,Space_Walks_hr,Missions,Death_Date,Death_Mission
0,Alan B. Shepard Jr.,1959.0,1.0,Deceased,1923-11-18,"East Derry, NH",Male,US Naval Academy,Naval Sciences,Naval Science,Rear Admiral,US Navy (Retired),2.0,216.0,2.0,9.0,"Mercury 3, Apollo 14",1998-07-21,Natural causes
1,Alan G. Poindexter,1998.0,17.0,Deceased,2061-11-05,"Pasadena, CA",Male,Georgia Institute of Technology; US Naval Post...,Aerospace Engineering,Aeronautical Engineering,Captain,US Navy,2.0,669.0,0.0,0.0,"STS-122 (Atlantis), STS-131 (Discovery)",2012-07-01,Personal watercraft accident
2,Alan L. Bean,1963.0,3.0,Deceased,1932-03-15,"Wheeler, TX",Male,University of Texas,Aeronautical Engineering,Aeronautical Engineering,Captain,US Navy (Retired),2.0,1671.0,3.0,10.0,"Apollo 12, Skylab 3",2018-05-26,Natural causes
3,Albert Sacco Jr.,1963.0,3.0,Retired,2049-05-03,"Boston, MA",Male,Northeastern University; MIT,Chemical Engineering,Chemical Engineering,Captain,US Navy (Retired),1.0,381.0,0.0,0.0,STS-73 (Columbia),,
4,Alfred M. Worden,1966.0,5.0,Retired,2032-02-07,"Jackson, MI",Male,US Military Academy; University of Michigan,Military Science,Aeronautical & Astronautical Engineering,Colonel,US Air Force (Retired),1.0,295.0,1.0,0.5,Apollo 15,,
5,Alvin B. Drew Jr.,2000.0,18.0,Active,2062-11-05,"Washington, DC",Male,US Air Force Academy; Embry-Riddle Aeronautica...,Physics & Astronautical Engineering,Aerospace Science; Political Science,Colonel,US Air Force,2.0,613.0,2.0,13.0,"STS-118 (Endeavor), STS-133 (Discovery)",,
6,Andrew J. Feustel,2000.0,18.0,Active,1965-08-25,"Lancaster, PA",Male,Purdue University; Queen’s University-Canada,Solid Earth Sciences,Geophysics; Seismology,Colonel,US Air Force,2.0,687.0,6.0,42.0,"STS-125 (Atlantis), STS-134 (Endeavor)",,
7,Andrew M. Allen,1987.0,12.0,Retired,2055-08-04,"Philadelphia, PA",Male,Villanova University; University of Florida,Mechanical Engineering,Business Administration,Lieutenant Colonel,US Marine Corps (Retired),3.0,906.0,0.0,0.0,"STS-46 (Atlantis), STS-62 (Columbia), STS-75 (...",,
8,Andrew S. W. Thomas,1992.0,14.0,Management,1951-12-18,"Adelaide, Australia",Male,University of Adelaide,Mechanical Engineering,Mechanical Engineering,Lieutenant Colonel,US Marine Corps (Retired),4.0,4257.0,1.0,6.0,"STS-77 (Endeavor), STS-89/91 (Endeavor/Discove...",,
9,Anna L. Fisher,1978.0,8.0,Management,1949-08-24,"New York, NY",Female,University of California-Los Angeles,Chemistry,Chemistry; Medicine,Lieutenant Colonel,US Marine Corps (Retired),1.0,191.0,0.0,0.0,STS 51-A (Discovery),,
10,Anthony W. England,1967.0,6.0,Retired,1942-05-15,"Indianapolis, IN",Male,MIT,Geology,Geology; Geophysics,Lieutenant Colonel,US Marine Corps (Retired),1.0,190.0,0.0,0.0,STS 51-F (Challenger),,
11,Barbara R. Morgan,1998.0,17.0,Retired,1951-11-28,"Fresno, CA",Female,Stanford University,Human Biology,Geology; Geophysics,Lieutenant Colonel,US Marine Corps (Retired),1.0,305.0,0.0,0.0,STS-118 (Endeavor),,
12,Barry E. Wilmore,2000.0,18.0,Active,1962-12-29,"Murfreesboro, TN",Male,Tennessee Technological University; University...,Electrical Engineering,Electrical Engineering; Aviation Systems,Captain,US Navy,2.0,4272.0,4.0,25.0,"STS-129 (Atlantis), ISS-41/42 (Soyuz)",,
13,Bernard A. Harris Jr.,1990.0,13.0,Retired,1956-06-26,"Temple, TX",Male,University of Houston; Texas Tech University,Biology,Medicine,Captain,US Navy,2.0,438.0,1.0,5.0,"STS-55 (Columbia), STS-63 (Discovery)",,
14,Bill Nelson,1990.0,13.0,Retired,1942-09-29,"Miami, FL",Male,Yale University; University of Virginia,Biology,Law,Captain,US Army (Retired),1.0,146.0,0.0,0.0,STS 61-C (Columbia),,
15,Bonnie J. Dunbar,1980.0,9.0,Retired,2049-03-03,"Sunnyside, WA",Female,University of Washington; University of Houston,Ceramic Engineering,Ceramic Engineering; Biomedical Engineering,Captain,US Army (Retired),5.0,1207.0,0.0,0.0,"STS 61-A (Challenger), STS-32 (Columbia), STS-...",,
16,Brent W. Jett,1992.0,14.0,Retired,2058-10-05,"Pontiac, MI",Male,US Naval Academy; US Naval Postgraduate School,Aerospace Engineering,Aeronautical Engineering,Captain,US Navy (Retired),4.0,1002.0,0.0,0.0,"STS-72 (Endeavor), STS-81 (Atlantis), STS-97 (...",,
17,Brewster H. Shaw Jr.,1978.0,8.0,Retired,1945-05-16,"Cass City, MI",Male,University of Wisconsin,Engineering Mechanics,Engineering Mechanics,Colonel,US Air Force (Retired),3.0,533.0,0.0,0.0,"STS-9 (Columbia), STS 61-B (Atlantis), STS-28 ...",,
18,Brian Duffy,1985.0,11.0,Retired,1953-06-20,"Boston, MA",Male,US Air Force Academy; University of Southern C...,Mathematics,Systems Management,Colonel,US Air Force (Retired),4.0,977.0,0.0,0.0,"STS-45 (Atlantis), STS-57 (Endeavor), STS-72 (...",,
19,Brian T. O'Leary,1967.0,6.0,Deceased,1940-01-27,"Boston, MA",Male,Williams College; Georgetown University; Unive...,Physics,Astronomy,Colonel,US Air Force (Retired),0.0,0.0,0.0,0.0,"STS-45 (Atlantis), STS-57 (Endeavor), STS-72 (...",2011-07-28,Due to cancer
20,Bruce E. Melnick,1987.0,12.0,Retired,2049-12-05,"New York, NY",Male,US Coast Guard Academy; West Florida University,Engineering,Aeronautical Systems,Commander,US Coast Guard (Retired),2.0,311.0,0.0,0.0,"STS-41 (Discovery), STS-49 (Endeavor)",,
21,Bruce McCandless II,1966.0,5.0,Retired,2037-06-08,"Boston, MA",Male,US Naval Academy; Stanford University; Univers...,Engineering,Electrical Engineering; Business Administration,Captain,US Navy (Retired),2.0,312.0,2.0,12.0,"STS 41-B (Challenger), STS-31 (Discovery)",,
22,Bryan D. O'Connor,1980.0,9.0,Retired,2046-09-06,"Orange, CA",Male,US Naval Academy; West Florida University,Engineering,Aeronautical Systems,Colonel,US Marine Corps (Retired),2.0,383.0,0.0,0.0,"STS 61-B (Atlantis), STS-40 (Columbia)",,
23,Buzz Aldrin,1963.0,3.0,Retired,1930-01-20,"Montclair, NJ",Male,US Military Academy; MIT,Mechanical Engineering,Astronautics,Colonel,US Air Force (Retired),2.0,289.0,2.0,8.0,"Gemini 12, Apollo 11",,
24,Byron K. Lichtenberg,1963.0,3.0,Retired,1948-02-19,"Stroudsburg, PA",Male,Brown University; MIT,Aerospace Engineering,Mechanical Engineering; Biomedical Engineering,Colonel,US Air Force (Retired),2.0,461.0,0.0,0.0,"STS-9 (Columbia), STS-45 (Atlantis)",,
25,C. Gordon Fullerton,1969.0,7.0,Retired,2036-10-11,"Rochester, NY",Male,California Institute of Technology,Mechanical Engineering,Mechanical Engineering,Colonel,US Air Force (Retired),2.0,382.0,0.0,0.0,"STS-3 (Columbia), STS 51-F (Challenger)",,
26,C. Michael Foale,1987.0,12.0,Active,2057-01-06,"Louth, England",Male,Cambridge University,Physics,Laboratory Astrophysics,Colonel,US Air Force (Retired),6.0,8970.0,4.0,22.0,"STS-45 (Atlantis), STS-56 (Discovery), STS-63 ...",,
27,Carl E. Walz,1990.0,13.0,Retired,2055-09-06,"Cleveland, OH",Male,Kent State University; John Carroll University,Physics,Solid State Physics,Colonel,US Air Force,4.0,5533.0,3.0,19.0,"STS-51 (Discovery), STS-65 (Columbia), STS-79 ...",,
28,Carl J. Meade,1985.0,11.0,Retired,1950-11-16,"Chanute Air Force Base, IL",Male,University of Texas; California Institute of T...,Electronics Engineering,Electronics Engineering,Colonel,US Air Force (Retired),3.0,712.0,1.0,6.0,"STS-38 (Atlantis), STS-50 (Columbia), STS-64 (...",,
29,Carlos I. Noriega,1995.0,15.0,Retired,2059-10-08,"Lima, Peru",Male,University of Southern California; US Naval Po...,Computer Science,Computer Science; Space Systems Operations,Lieutenant Colonel,US Marine Corps (Retired),2.0,481.0,3.0,19.0,"STS-84 (Atlantis), STS-97 (Endeavor)",,
30,Catherine G. Coleman,1992.0,14.0,Active,1960-12-14,"Charleston, SC",Female,MIT; University of Massachusetts,Chemistry,Polymer Science & Engineering,Colonel,US Air Force (Retired),3.0,4324.0,0.0,0.0,"STS-73 (Columbia), STS-93 (Columbia), ISS-26/2...",,
31,Charles A. Bassett II,1963.0,3.0,Deceased,1931-12-30,"Dayton, OH",Male,Texas Technological College,Electrical Engineering,Polymer Science & Engineering,Captain,US Air Force,0.0,0.0,0.0,0.0,"STS-73 (Columbia), STS-93 (Columbia), ISS-26/2...",1966-02-28,T-38 Talon jet aircraft
32,Charles Conrad Jr.,1962.0,2.0,Deceased,2030-05-02,"Philadelphia, PA",Male,Princeton University,Aeronautical Engineering,Polymer Science & Engineering,Captain,US Navy (Retired),4.0,1179.0,4.0,12.0,"Gemini 5, Gemini 11, Apollo 12, Skylab 2",1999-07-08,Motorcycle accident
33,Charles D. Gemar,1985.0,11.0,Retired,2055-08-04,"Yanktown, SD",Male,US Military Academy,Engineering,Polymer Science & Engineering,Lieutenant Colonel,US Army,3.0,581.0,0.0,0.0,"STS-38 (Atlantis), STS-48 (Discovery), STS-62 ...",,
34,Charles D. Walker,1985.0,11.0,Retired,1948-08-29,"Bedford, IN",Male,Purdue University,Aeronautical & Astronautical Engineering,Polymer Science & Engineering,Lieutenant Colonel,US Army,3.0,477.0,0.0,0.0,"STS 41-D (Discovery), STS 51-D (Discovery), ST...",,
35,Charles E. Brady Jr.,1992.0,14.0,Deceased,2051-08-12,"Pinehurst, NC",Male,University of North Carolina at Chapel Hill; D...,Aeronautical & Astronautical Engineering,Medicine,Captain,US Navy,1.0,405.0,0.0,0.0,STS-78 (Columbia),2006-07-23,Natural causes
36,Charles F. Bolden Jr.,1980.0,9.0,Management,1946-08-19,"Columbia, SC",Male,US Naval Academy; University of Southern Calif...,Electrical Science,Systems Management,Major General,US Marine Corps (Retired),4.0,680.0,0.0,0.0,"STS-61C (Columbia), STS-31 (Discovery), STS-45...",,
37,Charles J. Camarda,1996.0,16.0,Management,2052-05-08,"Queens, NY",Male,Polytechnic Institute of Brooklyn; George Wash...,Aerospace Engineering,Engineering Science; Aerospace Engineering,Major General,US Marine Corps (Retired),1.0,333.0,0.0,0.0,STS-114 (Discovery),,
38,Charles J. Precourt,1990.0,13.0,Retired,1955-06-29,"Waltham, MA",Male,US Air Force Academy; Golden Gate University; ...,Aeronautical Engineering,Engineering Management; Strategic Studies,Colonel,US Air Force (Retired),4.0,950.0,0.0,0.0,"STS-55 (Columbia), STS-71 (Atlantis), STS-84 (...",,
39,Charles Lacy Veach,1984.0,10.0,Deceased,1944-09-18,"Chicago, IL",Male,US Air Force Academy,Engineering Management,Engineering Management; Strategic Studies,Colonel,US Air Force (Retired),2.0,436.0,0.0,0.0,"STS-39 (Discovery), STS-52 (Columbia)",2012-07-01,Due to cancer
40,Charles M. Duke Jr.,1966.0,5.0,Retired,2035-10-03,"Charlotte, NC",Male,US Naval Academy; MIT,Naval Sciences,Aeronautics,Brigadier General,US Air Force (Retired),1.0,265.0,3.0,20.0,Apollo 16,,
41,Charles O. Hobaugh,1996.0,16.0,Retired,2061-11-05,"Bar Harbor, ME",Male,US Naval Academy,Aerospace Engineering,Aeronautics,Colonel,US Marine Corps (Retired),3.0,873.0,0.0,0.0,"STS-104 (Atlantis), STS-118 (Endeavor), ST-129...",,
42,Christopher J. Cassidy,2004.0,19.0,Active,2070-01-04,"Salem, MA",Male,US Naval Academy; MIT,Mathematics,Ocean Engineering,Commander,US Navy,1.0,4376.0,6.0,31.0,STS-127 (Endeavor); ISS-35/36 (Soyuz),,
43,Christopher J. Ferguson,1998.0,17.0,Retired,2061-09-01,"Philadelphia, PA",Male,Drexel University; US Naval Postgraduate School,Mechanical Engineering,Aeronautical Engineering,Captain,US Navy (Retired),3.0,970.0,0.0,0.0,"STS-115 (Atlantis), STS-126 (Endeavor), STS-13...",,
44,Christopher J. Loria,1996.0,16.0,Retired,2060-07-09,"Belmont, MA",Male,US Naval Academy; Harvard University,Engineering,Public Administration,Colonel,US Marine Corps (Retired),0.0,0.0,0.0,0.0,"STS-115 (Atlantis), STS-126 (Endeavor), STS-13...",,
45,Clayton C. Anderson,1998.0,17.0,Retired,1959-02-23,"Omaha, NE",Male,Hastings College; Iowa State University,Physics,Aerospace Engineering,Colonel,US Marine Corps (Retired),2.0,4005.0,6.0,38.0,"STS-117/120 (Atlantis/Discovery), STS-131 (Dis...",,
46,Clifton C. Williams Jr.,1963.0,3.0,Deceased,1932-09-26,"Mobile, AL",Male,Auburn University,Mechanical Engineering,Aerospace Engineering,Major,US Marine Corps,0.0,0.0,0.0,0.0,"STS-117/120 (Atlantis/Discovery), STS-131 (Dis...",2067-10-05,T-38 jet trainer crash
47,Curtis L. Brown Jr.,1987.0,12.0,Retired,2056-03-11,"Elizabethtown, NC",Male,US Air Force Academy,Electrical Engineering,Aerospace Engineering,Colonel,US Air Force (Retired),6.0,1383.0,0.0,0.0,"STS-47 (Endeavor), STS-66 (Atlantis), STS-77 (...",,
48,Dale A. Gardner,1978.0,8.0,Retired,2048-11-08,"Fairmont, MN",Male,University of Illinois,Engineering Physics,Aerospace Engineering,Captain,US Navy (Retired),2.0,336.0,2.0,12.0,"STS-8 (Challenger), STS 51-A (Discovery)",,
49,Daniel C. Brandenstein,1978.0,8.0,Retired,1943-01-17,"Watertown, WI",Male,University of Wisconsin,Mathematics & Physics,Aerospace Engineering,Captain,US Navy (Retired),4.0,789.0,0.0,0.0,"STS-8 (Challenger), STS 51-G (Discovery), STS-...",,
50,Daniel C. Burbank,1996.0,16.0,Active,1961-07-27,"Machester, CT",Male,US Coast Guard Academy; Embry-Riddle Aeronauti...,Electrical Engineering,Aeronautical Science,Captain,US Coast Guard (Retired),3.0,4512.0,1.0,7.0,"STS-106 (Atlantis), STS-115 (Atlantis), ISS-29...",,
51,Daniel M. Tani,1996.0,16.0,Retired,2061-02-01,"Ridley Park, PA",Male,MIT,Mechanical Engineering,Mechanical Engineering,Captain,US Coast Guard (Retired),2.0,3162.0,6.0,39.0,"STS-108 (Endeavor), STS-120/122 (Discovery/Atl...",,
52,Daniel T. Barry,1992.0,14.0,Retired,1953-12-30,"Norwalk, CT",Male,Cornell University; Princeton University; Univ...,Electrical Engineering,Electrical Engineering; Computer Science; Medi...,Captain,US Coast Guard (Retired),3.0,733.0,4.0,26.0,"STS-72 (Endeavor), STS-96 (Discovery), STS-105...",,
53,Daniel W. Bursch,1990.0,13.0,Retired,1957-07-25,"Bristol, PA",Male,US Naval Academy; US Naval Postgraduate School,Physics,Engineering Science,Captain,US Navy (Retired),4.0,5446.0,2.0,12.0,"STS-51 (Discovery), STS-68 (Endeavor), STS-77 ...",,
54,David A. Wolf,1990.0,13.0,Retired,1956-08-23,"Indianapolis, IN",Male,Purdue University; Indiana University,Electrical Engineering,Medicine,Captain,US Navy (Retired),3.0,4044.0,7.0,41.0,STS-58 (Columbia). STS-86/89 (Atlantis/Endeavo...,,
55,David C. Hilmers,1980.0,9.0,Retired,1950-01-28,"Clinton, IA",Male,Cornell University; US Naval Postgraduate School,Mathematics,Electrical Engineering,Colonel,US Marine Corps (Retired),4.0,494.0,0.0,0.0,"ST 51-J (Atlantis), STS-26 (Discovery), STS-36...",,
56,David C. Leestma,1980.0,9.0,Management,2049-05-06,"Muskegon, MI",Male,US Naval Academy; US Naval Postgraduate School,Aeronautical Engineering,Aeronautical Engineering,Captain,US Navy (Retired),3.0,532.0,1.0,3.0,"STS 41-G (Challenger), STS-28 (Columbia), STS-...",,
57,David M. Brown,1996.0,16.0,Deceased,1956-04-16,"Arlington, VA",Male,College of William & Mary; Eastern Virginia Me...,Biology,Medicine,Captain,US Navy,1.0,382.0,0.0,0.0,STS-107 (Columbia),2003-02-01,STS-107 (Columbia)
58,David M. Walker,1978.0,8.0,Deceased,1944-05-20,"Columbus, GA",Male,US Naval Academy,Naval Sciences,Medicine,Captain,US Navy (Retired),4.0,724.0,0.0,0.0,"STS 51-A (Discovery), STS-30 (Atlantis), STS-5...",2001-04-23,Plane crash
59,David R. Scott,1963.0,3.0,Retired,2032-06-06,"San Antonio, TX",Male,US Military Academy; MIT,Naval Sciences,Aeronautics & Astronautics,Colonel,US Air Force (Retired),3.0,546.0,4.0,19.0,"Gemini 8, Apollo 9, Apollo 15",,
60,Dominic A. Antonelli,2000.0,18.0,Active,1967-08-23,"Detroit, MI",Male,MIT; University of Washington,Aeronautics & Astronautics,Aeronautics & Astronautics,Commander,US Navy,2.0,579.0,0.0,0.0,"STS-119 (Discovery), STS-132 (Atlantis)",,
61,Dominic L. Gorie,1995.0,15.0,Retired,2057-05-02,"Lake Charles, LA",Male,US Naval Academy; University of Tennessee,Ocean Engineering,Aviation Systems,Captain,US Navy (Retired),4.0,1167.0,0.0,0.0,"STS-91 (Discovery), STS-99 (Endeavor), STS-123...",,
62,Don L. Lind,1966.0,5.0,Retired,1930-05-18,"Midvale, UT",Male,University of Utah; University of California-B...,Physics,Nuclear Physics,Captain,US Navy (Retired),1.0,168.0,0.0,0.0,STS 51-B (Challenger),,
63,Donald A. Thomas,1990.0,13.0,Retired,2055-05-06,"Cleveland, OH",Male,Case Western Reserve University; Cornell Unive...,Physics,Materials Science,Captain,US Navy (Retired),4.0,1040.0,0.0,0.0,"STS-65 (Columbia), STS-70 (Discovery), STS-83 ...",,
64,Donald E. Williams,1978.0,8.0,Retired,1958-02-13,"Lafayette, IN",Male,Purdue University,Mechanical Engineering,Materials Science,Captain,US Navy (Retired),2.0,287.0,0.0,0.0,"STS 51-D (Discovery), STS-34 (Atlantis)",,
65,Donald H. Peterson,1969.0,7.0,Retired,1933-10-22,"Winona, MS",Male,US Military Academy; US Air Force Institute of...,Mechanical Engineering,Nuclear Engineering,Colonel,US Air Force (Retired),1.0,120.0,1.0,4.0,STS-6 (Challenger),,
66,Donald K. Slayton,1959.0,1.0,Deceased,2024-03-01,"Sparta, WI",Male,University of Minnesota,Aeronautical Engineering,Nuclear Engineering,Major,US Air Force Reserves,1.0,217.0,0.0,0.0,Apollo-Soyuz Test Project,1993-06-13,Natural causes
67,Donald L. Holmquest,1967.0,6.0,Retired,2039-04-07,"Dallas, TX",Male,Southern Methodist University; Baylor Universi...,Electrical Engineering,Physiology; Medicine; Law,Major,US Air Force Reserves,0.0,0.0,0.0,0.0,Apollo-Soyuz Test Project,,
68,Donald R. McMonagle,1987.0,12.0,Retired,1952-05-14,"Flint, MI",Male,US Air Force Academy; California State Univers...,Astronautical Engineering,Mechanical Engineering,Colonel,US Air Force (Retired),3.0,605.0,0.0,0.0,"STS-39 (Discovery), STS-54 (Endeavor), STS-66 ...",,
69,Donald R. Pettit,1996.0,16.0,Active,1955-04-20,"Silverton, OR",Male,Oregon State University; University of Arizona,Chemical Engineering,Chemical Engineering,Colonel,US Air Force (Retired),3.0,8872.0,2.0,13.0,"ISS-6 (Soyuz), STS-126 (Endeavor), ISS-30/31 (...",,
70,Donn F. Eisele,1963.0,3.0,Deceased,1930-05-23,"Columbus, OH",Male,US Naval Academy; US Air Force Institute of Te...,Astronautics,Astronautics,Colonel,US Air Force (Retired),1.0,260.0,0.0,0.0,Apollo 7,1987-12-02,Natural causes
71,Dorothy M. Metcalf-Lindenberger,2004.0,19.0,Active,1975-05-02,"Colorado Springs, CO",Female,Whitman College,Geology,Astronautics,Colonel,US Air Force (Retired),1.0,362.0,0.0,0.0,STS-131 (Discovery),,
72,Douglas G. Hurley,2000.0,18.0,Active,1966-10-21,"Endicott, NY",Male,Tulane University,Civil Engineering,Astronautics,Colonel,US Marine Corps,2.0,683.0,0.0,0.0,"STS-127 (Endeavor), STS-135 (Atlantis)",,
73,Douglas H. Wheelock,1998.0,17.0,Active,2060-05-05,"Binghamton, NY",Male,US Military Academy; Georgia Institute of Tech...,Applied Science & Engineering,Aerospace Engineering,Colonel,US Army,2.0,4281.0,6.0,43.0,"STS-120 (Discovery), ISS-24/25 (Soyuz)",,
74,Duane E. Graveline,1965.0,4.0,Retired,2031-03-02,"Newport, VT",Male,University of Vermont; Johns Hopkins University,Applied Science & Engineering,Public Health; Medicine,Colonel,US Army,0.0,0.0,0.0,0.0,"STS-120 (Discovery), ISS-24/25 (Soyuz)",,
75,Duane G. Carey,1996.0,16.0,Retired,1957-04-30,"St. Paul, MN",Male,University of Minnesota-Minneapolis,Aerospace Engineering & Mechanics,Aerospace Engineering,Lieutenant Colonel,US Air Force (Retired),1.0,262.0,0.0,0.0,STS-109 (Columbia),,
76,E. Michael Fincke,1996.0,16.0,Active,1967-03-14,"Pittsburgh, PA",Male,MIT; Stanford University; University of Housto...,"Aeronautics & Astronautics; Earth, Atmospheric...",Aeronautics & Astronautics; Physical Sciences,Colonel,US Air Force,3.0,9159.0,9.0,48.0,"ISS-09 (Soyuz), ISS-18 (Soyuz), STS-134 (Endea...",,
77,Edgar D. Mitchell,1966.0,5.0,Retired,1930-09-17,"Hereford, TX",Male,Carnegie-Mellon University; US Naval Postgradu...,Industrial Management,Aeronautical Engineering; Aeronautics & Astron...,Captain,US Navy (Retired),1.0,216.0,2.0,9.0,Apollo 14,,
78,Edward G. Gibson,1965.0,4.0,Retired,2036-11-08,"Buffalo, NY",Male,University of Rochester; California Institute ...,Engineering,Engineering,Captain,US Navy (Retired),1.0,2017.0,3.0,15.0,Skylab 4,,
79,Edward G. Givens Jr.,1966.0,5.0,Deceased,2030-01-05,"Quanah, TX",Male,US Naval Academy,Naval Sciences,Engineering,Major,US Air Force,0.0,0.0,0.0,0.0,Skylab 4,2067-06-06,Automobile accident
80,Edward H. White II,1962.0,2.0,Deceased,1930-11-14,"San Antonio, TX",Male,US Military Academy; University of Michigan,Naval Sciences,Aeronautical Engineering,Lieutenant Colonel,US Air Force,2.0,97.0,1.0,0.5,"Gemini 4, Apollo 1",1967-01-27,Apollo 1
81,Edward T. Lu,1995.0,15.0,Retired,2063-07-01,"Springfield, MA",Male,Cornell University; Stanford University,Electrical Engineering,Applied Physics,Lieutenant Colonel,US Air Force,3.0,4962.0,1.0,6.0,"STS-84 (Atlantis), STS-106 (Atlantis), ISS-07 ...",,
82,Eileen M. Collins,1990.0,13.0,Retired,1959-11-19,"Elmira, NY",Female,Syracuse University; Stanford University; Webs...,Mathematics & Economics,Operations Research; Space Systems Management,Colonel,US Air Force (Retired),4.0,890.0,0.0,0.0,"STS-63 (Discovery), STS-84 (Atlantis), STS-114...",,
83,Ellen Ochoa,1990.0,13.0,Management,2058-05-10,"Los Angeles, CA",Female,San Diego State University; Stanford University,Physics,Electrical Engineering,Colonel,US Air Force (Retired),4.0,979.0,0.0,0.0,"STS-56 (Discovery), STS-66 (Atlantis), STS-96 ...",,
84,Ellen S. Baker,1984.0,10.0,Retired,1953-04-27,"Fayettesville, NC",Female,State University of New York-Buffalo; Cornell ...,Geology,Medicine; Public Health,Colonel,US Air Force (Retired),3.0,686.0,0.0,0.0,"STS-34 (Atlantis), STS-50 (Columbia), STS-71 (...",,
85,Elliot M. See Jr.,1962.0,2.0,Deceased,1927-07-23,"Dallas, TX",Male,US Merchant Marine Academy; University of Cali...,Geology,Engineering,Colonel,US Air Force (Retired),0.0,0.0,0.0,0.0,"STS-34 (Atlantis), STS-50 (Columbia), STS-71 (...",1966-02-28,T-38 jet aircraft
86,Ellison S. Onizuka,1978.0,8.0,Deceased,1946-06-24,"Kealakekua, HI",Male,University of Colorado,Aerospace Engineering,Aerospace Engineering,Lieutenant Colonel,US Air Force,2.0,73.0,0.0,0.0,"STS 51-C (Discovery), STS 51-L (Challenger)",1986-01-28,STS 51-L (Challenger)
87,Eric A. Boe,2000.0,18.0,Active,2064-10-01,"Miami, FL",Male,US Air Force Academy; Georgia Institute of Tec...,Aeronautical Engineering,Electrical Engineering,Colonel,US Air Force,2.0,687.0,0.0,0.0,"STS-126 (Endeavor), STS-133 (Discovery)",,
88,Eugene A. Cernan,1963.0,3.0,Deceased,1934-03-14,"Chicago, IL",Male,Purdue University; US Naval Postgraduate School,Electrical Engineering,Aeronautical Engineering,Captain,US Navy (Retired),3.0,566.0,4.0,24.0,"Gemini 9, Apollo 10, Apollo 17",2017-01-16,Natural causes
89,F. Andrew Gaffney,1963.0,3.0,Retired,2046-06-09,"Carlsbad, NM",Male,University of California-Berkeley; University ...,Psychology,Medicine,Captain,US Navy (Retired),1.0,218.0,0.0,0.0,STS-40 (Columbia),,
90,F. Curtis Michel,1965.0,4.0,Retired,2034-06-05,"LaCrosse, WI",Male,California Institute of Technology,Physics,Physics,Captain,US Navy (Retired),0.0,0.0,0.0,0.0,STS-40 (Columbia),,
92,Francis R. Scobee,1978.0,8.0,Deceased,1939-05-19,"Cle Elum, WA",Male,University of Arizona,Aerospace Engineering,Engineering Management,Major,US Air Force (Retired),2.0,167.0,0.0,0.0,"STS 41-C (Challenger), STS 51-L (Challenger)",1986-01-28,STS 51-L (Challenger)
93,Frank Borman,1962.0,2.0,Retired,1928-03-14,"Gary, IN",Male,US Military Academy; California Institute of T...,Aerospace Engineering,Aeronautical Engineering,Colonel,US Air Force (Retired),2.0,477.0,0.0,0.0,"Gemini 7, Apollo 8",,
94,Frank L. Culbertson Jr.,1984.0,10.0,Retired,1949-05-15,"Charleston, SC",Male,US Naval Academy,Aerospace Engineering,Aeronautical Engineering,Captain,US Navy (Retired),3.0,3446.0,1.0,5.0,"STS-38 (Atlantis), STS-51 (Discovery), STS-105...",,
95,Franklin R. Chang-Diaz,1980.0,9.0,Retired,2050-04-05,"San Jose, Costa Rica",Male,University of Connecticut; MIT,Mechanical Engineering,Applied Plasma Physics,Captain,US Navy (Retired),7.0,1602.0,3.0,19.0,"STS 61-C (Columbia), STS-34 (Atlantis), STS-46...",,
96,Fred W. Haise Jr.,1966.0,5.0,Retired,1933-11-14,"Biloxi, MS",Male,University of Oklahoma,Aeronautical Engineering,Applied Plasma Physics,Captain,US Navy (Retired),1.0,142.0,0.0,0.0,Apollo 13,,
97,Fred W. Leslie,1966.0,5.0,Retired,1951-12-19,"Ancon, Panama",Male,University of Texas; University of Oklahoma,Engineering Science,Meteorology,Captain,US Navy (Retired),1.0,381.0,0.0,0.0,STS-73 (Columbia),,
98,Frederick D. Gregory,1978.0,8.0,Retired,2041-01-07,"Washington, DC",Male,US Air Force Academy; George Washington Univer...,Engineering Science,Information Systems,Colonel,US Air Force (Retired),3.0,455.0,0.0,0.0,"STS 51-B (Challenger), STS-33 (Discovery), STS...",,
99,Frederick H. Hauck,1978.0,8.0,Retired,2041-04-11,"Long Beach, CA",Male,Tufts University; MIT,Physics,Nuclear Engineering,Captain,US Navy (Retired),3.0,435.0,0.0,0.0,"STS-7 (Challenger), STS 51-A (Discovery), STS-...",,
100,Frederick W. Sturckow,1995.0,15.0,Retired,2061-08-11,"La Mesa, CA",Male,California Polytechnic State University,Mechanical Engineering,Nuclear Engineering,Colonel,US Marine Corps (Retired),4.0,1233.0,0.0,0.0,"STS-88 (Endeavor), STS-105 (Discovery), STS-11...",,
101,G. David Low,1984.0,10.0,Deceased,1956-02-19,"Cleveland, OH",Male,Washington & Lee University; Cornell Universit...,Physics & Engineering,Mechanical Engineering; Aeronautics & Astronau...,Colonel,US Marine Corps (Retired),3.0,714.0,1.0,6.0,"STS-32 (Columbia), STS-43 (Atlantis), STS-57 (...",2008-03-15,Natural causes
102,G. Reid Wiseman,2009.0,20.0,Active,1975-11-11,"Baltimore, MD",Male,Rensselaer Polytechnic Institute; Johns Hopkin...,Computer & Systems Engineering,Systems Engineering,Commander,US Navy,1.0,3968.0,2.0,13.0,ISS-40/41 (Soyuz),,
103,Garrett E. Reisman,1998.0,17.0,Retired,2068-02-10,"Morristown, NJ",Male,University of Pennsylvania; California Institu...,Economics,Mechanical Engineering,Commander,US Navy,2.0,2571.0,3.0,21.0,"STS-123/124 (Endeavor/Discovery), STS-132 (Atl...",,
104,Gary E. Payton,1998.0,17.0,Retired,1948-06-20,"Rock Island, IL",Male,US Air Force Academy; Purdue University,Astronautical Engineering,Astronautical & Aeronautical Engineering,Major,US Air Force,1.0,73.0,0.0,0.0,STS 51-C (Discovery),,
105,George D. Nelson,1978.0,8.0,Retired,1950-07-13,"Charles City, IA",Male,Harvey Mudd College; University of Washington,Physics,Astronomy,Major,US Air Force,3.0,411.0,2.0,10.0,"STS 41-C (Challenger), STS 61-C (Columbia), ST...",,
106,George D. Zamka,1998.0,17.0,Retired,1962-06-29,"Jersey City, NJ",Male,US Naval Academy; Florida Institute of Technology,Mathematics,Engineering Management,Colonel,US Marine Corps (Retired),2.0,692.0,0.0,0.0,"STS-120 (Discovery), STS-130 (Endeavor)",,
107,Gerald P. Carr,1966.0,5.0,Retired,1932-08-22,"Denver, CO",Male,University of Southern California; US Naval Po...,Mechanical Engineering,Aeronautical Engineering,Colonel,US Marine Corps (Retired),1.0,2017.0,3.0,16.0,Skylab 4,,
108,Gregory B. Jarvis,1966.0,5.0,Deceased,1944-08-24,"Detroit, MI",Male,State University of New York at Buffalo; North...,Electrical Engineering,Electrical Engineering,Colonel,US Marine Corps (Retired),1.0,0.0,0.0,0.0,STS 51-L (Challenger),1986-01-28,STS 51-L (Challenger)
109,Gregory C. Johnson,1998.0,17.0,Management,1954-07-30,"Seattle, WA",Male,University of Washington,Aerospace Engineering,Electrical Engineering,Captain,US Navy (Retired),1.0,309.0,0.0,0.0,STS-125 (Atlantis),,
110,Gregory E. Chamitoff,1998.0,17.0,Active,2062-08-06,"Montreal, Canada",Male,California Polytechnic State University; Calif...,Electrical Engineering,Aeronautical Engineering; Aeronautics & Astron...,Captain,US Navy (Retired),2.0,4770.0,2.0,13.0,"STS-124/126 (Discovery/Endeavor), STS-134 (End...",,
111,Gregory H. Johnson,1998.0,17.0,Active,2062-05-12,"London, England",Male,US Air Force Academy; Columbia University; Uni...,Aeronautical Engineering,Flight Structures Engineering; Business Admini...,Colonel,US Air Force (Retired),2.0,755.0,0.0,0.0,"STS-123 (Endeavor), STS-134 (Endeavor)",,
112,Gregory J. Harbaugh,1987.0,12.0,Retired,1956-04-15,"Cleveland, OH",Male,Purdue University; University of Houston-Clear...,Aeronautical & Astronautical Engineering,Physical Science,Colonel,US Air Force (Retired),4.0,817.0,3.0,18.0,"STS-39 (Discovery), STS-54 (Endeavor), STS-71 ...",,
113,Gregory T. Linteris,1987.0,12.0,Retired,2057-10-04,"Demarest, NJ",Male,Princeton University; Stanford University,Chemical Engineering,Mechanical Engineering; Mechanical & Aerospace...,Colonel,US Air Force (Retired),2.0,471.0,0.0,0.0,"STS-83 (Columbia), STS-94 (Columbia)",,
114,Guion S. Bluford Jr.,1978.0,8.0,Retired,1942-11-22,"Philadelphia, PA",Male,Pennsylvania State University; Air Force Insti...,Aerospace Engineering,Aerospace Engineering; Business Administration,Colonel,US Air Force (Retired),4.0,689.0,0.0,0.0,"STS-8 (Challenger), STS 61-A (Challenger), STS...",,
115,Guy S. Gardner,1980.0,9.0,Retired,2048-01-06,"Alta Vista, VA",Male,US Air Force Academy; Purdue University,Engineering Sciences; Astronautics & Mathematics,Astronautics,Colonel,US Air Force (Retired),2.0,320.0,0.0,0.0,"STS-27 (Atlantis), STS-35 (Columbia)",,
116,Harrison H. Schmitt,1965.0,4.0,Retired,2035-07-03,"Santa Rita, NM",Male,California Institute of Technology; Harvard Un...,Geology,Geology,Colonel,US Air Force (Retired),1.0,301.0,3.0,22.0,Apollo 17,,
117,Heidemarie M. Stefanyshyn-Piper,1996.0,16.0,Retired,2063-02-07,"St. Paul, MN",Female,MIT,Mechanical Engineering,Geology,Captain,US Navy,2.0,663.0,2.0,33.0,"STS-115 (Atlantis), STS-126 (Endeavor)",,
118,Henry W. Hartsfield Jr.,1969.0,7.0,Retired,1933-11-21,"Birmingham, AL",Male,Auburn University; University of Tennessee,Physics,Engineering Science,Colonel,US Air Force (Retired),3.0,482.0,0.0,0.0,"STS-4 (Columbia), STS 41-D (Discovery), STS 61...",,
120,Jack D. Fischer,2009.0,20.0,Active,1974-01-23,"Louisville, CO",Male,US Air Force Academy; MIT,Astronautical Engineering,Aeronautics & Astronautics,Colonel,US Air Force (Retired),0.0,0.0,0.0,0.0,"STS 51-I (Discovery), STS-26 (Discovery), STS-...",,
121,Jack R. Lousma,1966.0,5.0,Retired,1936-02-29,"Grand Rapids, MI",Male,University of Michigan; US Naval Postgraduate ...,Aeronautical Engineering,Aeronautical Engineering,Colonel,US Marine Corps (Retired),2.0,1619.0,2.0,11.0,"Skylab 3, STS-3 (Columbia)",,
122,Jake Garn,1966.0,5.0,Retired,2032-10-12,Richfield. UT,Male,University of Utah,Business Finance,Aeronautical Engineering,Colonel,US Marine Corps (Retired),1.0,167.0,0.0,0.0,STS 51-D (Discovery),,
123,James A. Lovell Jr.,1962.0,2.0,Retired,1928-03-25,"Cleveland, OH",Male,US Naval Academy,Business Finance,Aeronautical Engineering,Captain,US Navy (Retired),4.0,715.0,0.0,0.0,"Gemini 7, Gemini 12, Apollo 8, Apollo 13",,
124,James A. McDivitt,1984.0,2.0,Retired,2029-06-10,"Chicago, IL",Male,University of Michigan,Astronautical Engineering,Aeronautical Engineering,Brigadier General,US Air Force (Retired),2.0,338.0,0.0,0.0,"Gemini 4, Apollo 9",,
125,James A. Pawelczyk,1984.0,2.0,Retired,1960-09-20,"Buffalo, NY",Male,University of Rochester; Pennsylvania State Un...,Biology & Psychology,Physiology; Biology,Brigadier General,US Air Force (Retired),1.0,381.0,0.0,0.0,STS-90 (Columbia),,
126,James B. Irwin,1966.0,5.0,Deceased,1930-03-17,"Pittsburgh, PA",Male,US Naval Academy; University of Michigan,Naval Sciences,Aeronautical Engineering,Colonel,US Air Force (Retired),1.0,295.0,3.0,20.0,Apollo 15,1991-08-08,Natural causes
127,James C. Adamson,1984.0,10.0,Retired,2046-03-03,"Warsaw, NY",Male,US Military Academy; Princeton University,Engineering,Aerospace Engineering,Colonel,US Army (Retired),2.0,334.0,0.0,0.0,"STS-28 (Columbia), STS-43 (Atlantis)",,
128,James D. Halsell Jr.,1990.0,13.0,Retired,1956-09-29,"Monroe, LA",Male,US Air Force Academy; Troy State University; U...,Engineering,Business Management; Space Operations,Colonel,US Air Force (Retired),5.0,1258.0,0.0,0.0,"STS-65 (Columbia), STS-74 (Atlantis), STS-83 (...",,
129,James D. van Hoften,1978.0,8.0,Retired,2044-06-11,"Fresno, CA",Male,University of California-Berkeley; Colorado St...,Civil Engineering,Hydraulic Engineering; Fluid Mechanics,Colonel,US Air Force (Retired),2.0,338.0,4.0,22.0,"STS 41-C (Challenger), STS 51-I (Discovery)",,
130,James D. Wetherbee,1984.0,10.0,Retired,1952-11-27,"Flushing, NY",Male,University of Notre Dame,Aerospace Engineering,Hydraulic Engineering; Fluid Mechanics,Captain,US Navy (Retired),6.0,1594.0,0.0,0.0,"STS-32 (Columbia), STS-52 (Columbia), STS-63 (...",,
131,James F. Buchli,1978.0,8.0,Retired,1945-06-20,"New Rockford, ND",Male,US Naval Academy; University of West Florida,Aeronautical Engineering,Aeronautical Engineering Systems,Colonel,US Marine Corps (Retired),4.0,490.0,0.0,0.0,"STS 51-C (Discovery), STS 61-A (Challenger), S...",,
132,James F. Reilly II,1995.0,15.0,Retired,1954-03-18,"Mountain Home Air Force Base, ID",Male,University of Texas-Dallas,Geosciences,Geosciences,Colonel,US Marine Corps (Retired),3.0,854.0,5.0,31.0,"STS-89 (Endeavor), STS-104 (Atlantis), STS-117...",,
133,James H. Newman,1990.0,13.0,Retired,1956-10-16,"San Diego, CA",Male,Dartmouth College; Rice University,Physics,Physics,Colonel,US Marine Corps (Retired),4.0,1042.0,6.0,43.0,"STS-51 (Discovery), STS-69 (Endeavor), STS-88 ...",,
134,James M. Kelly,1996.0,16.0,Management,1964-05-14,"Burlington, IA",Male,US Air Force Academy; University of Alabama,Astronautical Engineering,Aerospace Engineering,Colonel,US Air Force (Retired),2.0,641.0,0.0,0.0,"STS-102 (Discovery), STS-114 (Discovery)",,
135,James P. Bagian,1980.0,9.0,Retired,1952-02-22,"Philadelphia, PA",Male,Drexel University; Thomas Jefferson University,Mechanical Engineering,Medicine,Colonel,US Air Force (Retired),2.0,337.0,0.0,0.0,"STS-29 (Discovery), STS-40 (Columbia)",,
136,James P. Dutton Jr.,2004.0,19.0,Management,1968-11-20,"Eugene, OR",Male,US Air Force Academy; University of Washington,Astronautical Engineering,Aeronautics & Astronautics,Colonel,US Air Force,1.0,362.0,0.0,0.0,STS-131 (Discovery),,
137,James S. Voss,1987.0,12.0,Retired,2049-03-03,"Cordova, AL",Male,Auburn University; University of Colorado,Aerospace Engineering,Aerospace Engineering Sciences,Colonel,US Army (Retired),5.0,4853.0,4.0,22.0,"STS-44 (Atlantis), STS-53 (Discovery), STS-69 ...",,
138,Janet L. Kavandi,1995.0,15.0,Management,1959-07-17,"Springfield, MO",Female,Missouri Southern State College; University of...,Chemistry,Chemistry,Colonel,US Army (Retired),3.0,812.0,0.0,0.0,"STS-91 (Discovery), STS-99 (Endeavor), STS-104...",,
139,Janice E. Voss,1990.0,13.0,Deceased,2056-10-08,"South Bend, IN",Female,Purdue University; MIT,Engineering Science,Electrical Engineering; Aeronautics & Astronau...,Colonel,US Army (Retired),5.0,1179.0,0.0,0.0,"STS-57 (Endeavor), STS-63 (Discovery), STS-83 ...",2012-02-06,Natural causes
140,Jay Clark Buckey,1990.0,13.0,Retired,2056-06-06,"New York, NY",Male,Cornell University,Electrical Engineering,Medicine,Colonel,US Army (Retired),1.0,381.0,0.0,0.0,STS-90 (Columbia),,
141,Jeanette J. Epps,2009.0,20.0,Active,2070-11-03,"Syracuse, NY",Female,LeMoyne College; University of Maryland,Physics,Aerospace Engineering,Colonel,US Army (Retired),0.0,0.0,0.0,0.0,STS-90 (Columbia),,
142,Jeffrey A. Hoffman,1978.0,8.0,Retired,2044-11-02,"Brooklyn, NY",Male,Amherst College; Rice University; Harvard Univ...,Astronomy,Materials Science; Astrophysics,Colonel,US Army (Retired),5.0,1211.0,4.0,25.0,"STS 51-D (Discovery), STS-35 (Columbia), STS-4...",,
143,Jeffrey N. Williams,1996.0,16.0,Active,1958-01-18,"Superior, WI",Male,US Military Academy; US Naval Postgraduate Sch...,Applied Science & Engineering,Aeronautical Engineering; National Security & ...,Colonel,US Army (Retired),4.0,12818.0,5.0,32.0,"STS-101 (Atlantis), ISS-13 (Soyuz), ISS-21/22 ...",,
144,Jeffrey S. Ashby,1995.0,15.0,Retired,2054-06-01,"Dallas, TX",Male,University of Idaho; University of Tennessee,Mechanical Engineering,Aviation Systems,Captain,US Navy (Retired),3.0,655.0,0.0,0.0,"STS-93 (Columbia), STS-100 (Endeavor), STS-112...",,
145,Jerome Apt III,1985.0,11.0,Retired,1949-04-18,"Springfield, MA",Male,Harvard University; MIT,Physics,Physics,Captain,US Navy (Retired),4.0,847.0,2.0,11.0,"STS-37 (Atlantis), STS-47 (Endeavor), STS-59 (...",,
146,Jerry L. Ross,1980.0,9.0,Retired,1948-01-20,"Crown Point, IN",Male,Purdue University,Mechanical Engineering,Mechanical Engineering,Colonel,US Air Force (Retired),7.0,1393.0,9.0,58.0,"ST 61-B (Atlantis), ST-27 (Atlantis), ST-37 (A...",,
147,Jerry M. Linenger,1992.0,14.0,Retired,1955-01-16,"Mount Clemens, MI",Male,US Naval Academy; University of Southern Calif...,Bioscience,Systems Management; Public Health; Medicine; E...,Captain,US Navy (Retired),2.0,3435.0,1.0,5.0,"STS-64 (Discovery), STS-81/84 (Atlantis)",,
148,Joan E. Higginbotham,1996.0,16.0,Retired,2064-08-03,"Chicago, IL",Female,Southern Illinois University-Carbondale; Flori...,Electrical Engineering,Business Management; Space Systems,Captain,US Navy (Retired),1.0,308.0,0.0,0.0,STS-116 (Discovery),,
149,Joe F. Edwards Jr.,1995.0,15.0,Retired,2058-02-03,"Richmond, VA",Male,US Naval Academy; University of Tennessee-Knox...,Aerospace Engineering,Aviation Systems,Commander,US Navy (Retired),1.0,211.0,0.0,0.0,STS-89 (Endeavor),,
150,Joe H. Engle,1966.0,5.0,Retired,1932-08-26,"Dickinson, KS",Male,University of Kansas,Aeronautical Engineering,Aviation Systems,Major General,US Air Force (Retired),2.0,224.0,0.0,0.0,"STS-2 (Columbia), STS 51-I (Discovery)",,
151,John A. Llewellyn,1967.0,6.0,Retired,1933-04-22,"Cardiff, Wales",Male,University College at Cardiff,Chemistry,Chemistry,Major General,US Air Force (Retired),0.0,0.0,0.0,0.0,"STS-2 (Columbia), STS 51-I (Discovery)",,
152,John B. Herrington,1996.0,16.0,Retired,1958-09-14,"Wetumka, OK",Male,University of Colorado; US Naval Postgraduate ...,Applied Mathematics,Aeronautical Engineering,Commander,US Navy (Retired),1.0,330.0,3.0,20.0,STS-113 (Endeavor),,
153,John D. Olivas,1998.0,17.0,Retired,1966-05-25,"North Hollywood, CA",Male,University of Texas-El Paso; University of Hou...,Mechanical Engineering,Mechanical Engineering; Mechanical Engineeri...,Commander,US Navy (Retired),2.0,665.0,5.0,34.0,"STS-117 (Atlantis), STS-128 (Discovery)",,
154,John E. Blaha,1980.0,9.0,Retired,1942-08-26,"San Antonio, TX",Male,US Air Force Academy; Purdue University,Engineering Science,Astronautical Engineering,Colonel,US Air Force (Retired),5.0,3861.0,0.0,0.0,"STS-29 (Discovery), STS-33 (Discovery), STS-43...",,
155,John H. Casper,1984.0,10.0,Management,2043-07-09,"Greenville, SC",Male,US Air Force Academy; Purdue University,Engineering Science,Astronautics,Colonel,US Air Force (Retired),4.0,825.0,0.0,0.0,"STS-36 (Atlantis), STS-54 (Endeavor), STS-62 (...",,
156,John H. Glenn Jr.,1959.0,1.0,Deceased,1921-07-18,"Cambridge, OH",Male,Muskingum College,Engineering,Astronautics,Colonel,US Marine Corps (Retired),2.0,218.0,0.0,0.0,"Mercury 6, STS-95 (Discovery)",2016-12-08,Complications from surgery
157,John L. Phillips,1996.0,16.0,Retired,1951-04-15,"Ft. Belvoir, VA",Male,US Naval Academy; University of West Florida; ...,Mathematics; Russian,Aeronautical Systems; Geophysics & Space Physics,Captain,US Naval Reserves (Retired),3.0,4880.0,1.0,5.0,"STS-100 (Endeavor), ISS-11 (Soyuz), STS-119 (D...",,
158,John L. Swigert Jr.,1966.0,5.0,Deceased,1931-08-30,"Denver, CO",Male,University of Colorado; Rensselaer Polytechnic...,Mechanical Engineering,Aerospace Science; Business Administration,Captain,US Naval Reserves (Retired),1.0,142.0,0.0,0.0,Apollo 13,1982-12-27,Natural causes
159,John M. Fabian,1978.0,8.0,Retired,1939-01-28,"Goosecreek, TX",Male,Washington State University; US Air Force Inst...,Mechanical Engineering,Aerospace Engineering; Aeronautics & Astronautics,Colonel,US Air Force (Retired),2.0,316.0,0.0,0.0,"STS-7 (Challenger), STS 51-G (Discovery)",,
160,John M. Grunsfeld,1992.0,14.0,Management,2058-10-10,"Chicago, IL",Male,MIT; University of Chicago,Physics,Physics,Colonel,US Air Force (Retired),5.0,1407.0,8.0,58.0,"STS-67 (Endeavor), STS-81 (Atlantis), STS-103 ...",,
161,John O. Creighton,1978.0,8.0,Retired,1943-04-28,"Orange, TX",Male,US Naval Academy; George Washington University,Physics,Science & Technology Administration,Captain,US Navy (Retired),3.0,404.0,0.0,0.0,"STS 51-G (Discovery), STS-36 (Atlantis), STS-4...",,
163,John W. Young,1962.0,2.0,Retired,1930-09-24,"San Francisco, CA",Male,Georgia Institute of Technology,Aeronautical Engineering,Aeronautical Engineering,Captain,US Navy (Retired),6.0,835.0,3.0,20.0,"Gemini 3, Gemini 10, Apollo 10, Apollo 16, STS...",,
164,John-David F. Bartoe,1962.0,2.0,Retired,1944-11-17,"Abington, PA",Male,Lehigh University; Georgetown University,Physics,Physics,Captain,US Navy (Retired),1.0,190.0,0.0,0.0,STS 51-F (Challenger),,
165,Jon A. McBride,1978.0,8.0,Retired,1943-08-14,"Charleston, WV",Male,US Naval Postgraduate School,Aeronautical Engineering,Physics,Captain,US Navy (Retired),1.0,197.0,0.0,0.0,STS 41-G (Challenger),,
166,Jose M. Hernandez,2004.0,19.0,Retired,2062-08-07,"French Camp, CA",Male,University of the Pacific; University of Calif...,Electrical Engineering,Electrical & Computer Engineering,Captain,US Navy (Retired),1.0,332.0,0.0,0.0,STS-128 (Discovery),,
167,Joseph M. Acaba,2004.0,19.0,Active,1967-05-17,"Inglewood, CA",Male,University of California-Santa Barbara; Univer...,Geology,Geology,Captain,US Navy (Retired),2.0,3307.0,2.0,13.0,"STS-119 (Discovery), ISS-31/32 (Soyuz)",,
168,Joseph P. Allen,1967.0,6.0,Retired,1937-06-27,"Crawsfordsville, IN",Male,DePauw University; Yale University,Mathematics & Physics,Physics,Captain,US Navy (Retired),2.0,313.0,2.0,12.0,"ST-5 (Columbia), STS 51-A (Discovery)",,
169,Joseph P. Kerwin,1965.0,4.0,Retired,1932-02-19,"Oak Park, IL",Male,College of the Holy Cross; Northwestern Univer...,Philosophy,Medicine,Captain,US Navy (Retired),1.0,672.0,1.0,3.0,Skylab 2,,
170,Joseph R. Tanner,1992.0,14.0,Retired,1950-01-21,"Danville, IL",Male,University of Illinois,Mechanical Engineering,Medicine,Captain,US Navy (Retired),4.0,1045.0,7.0,46.0,"STS-66 (Atlantis), STS-82 (Discovery), STS-97 ...",,
171,Judith A. Resnik,1978.0,8.0,Deceased,2049-04-05,"Akron, OH",Female,Carnegie-Mellon University; University of Mary...,Electrical Engineering,Electrical Engineering,Captain,US Navy (Retired),2.0,144.0,0.0,0.0,"STS 41-D (Discovery), STS 51-L (Challenger)",1986-01-28,STS 51-L (Challenger)
172,K. Megan McArthur,2000.0,18.0,Active,1971-08-30,"Honolulu, HI",Female,University of California-Los Angeles; Universi...,Aerospace Engineering,Oceanography,Captain,US Navy (Retired),1.0,309.0,0.0,0.0,STS-125 (Atlantis),,
173,Kalpana Chawla,1995.0,15.0,Deceased,2061-06-01,"Karnal, India",Female,Punjab Engineering College; University of Texa...,Aeronautical Engineering,Aerospace Engineering,Captain,US Navy (Retired),2.0,734.0,0.0,0.0,"STS-87 (Columbia), STS-107 (Columbia)",2003-02-01,STS-107 (Columbia)
174,Karen L. Nyberg,2000.0,18.0,Active,2069-10-07,"Parker’s Prairie, MN",Female,University of North Dakota; University of Texas,Mechanical Engineering,Mechanical Engineering,Captain,US Navy (Retired),2.0,4320.0,0.0,0.0,"STS-124 (Discovery), ISS-36/37 (Soyuz)",,
175,Karl G. Henize,1967.0,6.0,Deceased,1926-10-17,"Cincinnati, OH",Male,University of Virginia; University of Michigan,Mathematics,Astronomy,Captain,US Navy (Retired),1.0,190.0,0.0,0.0,STS 51-F (Challenger),1993-10-05,Natural causes
176,Karol J. Bobko,1969.0,7.0,Retired,1937-12-23,"New York, NY",Male,US Air Force Academy; University of Southern C...,Mathematics,Aerospace Engineering,Colonel,US Air Force (Retired),3.0,386.0,0.0,0.0,"STS-6 (Challenger), STS 51-D (Discovery), STS-...",,
177,Kathleen Rubins,2009.0,20.0,Active,1978-10-14,"Farmington, CT",Female,University of California-San Diego; Stanford U...,Molecular Biology,Cancer Biology,Colonel,US Air Force (Retired),1.0,2762.0,2.0,13.0,ISS-48/49 (Soyuz),,
178,Kathryn C. Thornton,1984.0,10.0,Retired,1952-08-17,"Montgomery, AL",Female,Auburn University; University of Virginia,Physics,Physics,Colonel,US Air Force (Retired),4.0,975.0,3.0,21.0,"STS-33 (Discovery), STS-49 (Endeavor), STS-61 ...",,
179,Kathryn D. Sullivan,1978.0,8.0,Retired,2051-10-03,"Patterson, NJ",Female,University of California-Santa Cruz; Dalhousie...,Earth Sciences,Earth Sciences; Geology,Colonel,US Air Force (Retired),3.0,532.0,1.0,3.0,"STS 41-G (Challenger), STS-31 (Discovery), STS...",,
180,Kathryn P. Hire,1995.0,15.0,Management,1959-08-26,"Mobile, AL",Female,US Naval Academy; Florida State Institute of T...,Engineering Management,Space Technology,Captain,US Naval Reserves,2.0,711.0,0.0,0.0,"STS-90 (Columbia), STS-130 (Endeavor)",,
181,Kenneth D. Bowersox,1987.0,12.0,Retired,1956-11-14,"Portsmouth, VA",Male,US Naval Academy; Columbia University,Aerospace Engineering,Mechanical Engineering,Captain,US Navy (Retired),5.0,5078.0,2.0,13.0,"STS-50 (Columbia), STS-61 (Endeavor), STS-73 (...",,
182,Kenneth D. Cameron,1984.0,10.0,Retired,1949-11-29,"Cleveland, OH",Male,MIT; Michigan State University,Aeronautics & Astronautics,Aeronautics & Astronautics; Business Administr...,Colonel,US Marine Corps (Retired),3.0,562.0,0.0,0.0,"STS-37 (Atlantis), STS-56 (Discovery), STS-74 ...",,
183,Kenneth D. Cockrell,1990.0,13.0,Management,2050-04-09,"Austin, TX",Male,University of Texas; University of West Florida,Mechanical Engineering,Aeronautical Systems,Colonel,US Naval Reserves,5.0,1548.0,0.0,0.0,"STS-56 (Discovery), STS-69 (Endeavor), STS-80 ...",,
184,Kenneth S. Reightler Jr.,1987.0,12.0,Retired,1951-03-24,"Patuxent River, MD",Male,US Naval Academy; US Naval Postgraduate School...,Aerospace Engineering,Aeronautical Engineering; Systems Management,Captain,US Navy (Retired),2.0,327.0,0.0,0.0,"STS-48 (Discovery), STS-60 (Discovery)",,
185,Kenneth T. Ham,1998.0,17.0,Retired,2064-12-12,"Plainfield, NJ",Male,US Naval Academy; US Naval Postgraduate School,Aerospace Engineering,Aeronautical Engineering,Captain,US Navy,2.0,612.0,0.0,0.0,"STS-124 (Discovery), STS-132 (Atlantis)",,
186,Kent V. Rominger,1992.0,14.0,Retired,2056-08-07,"Del Norte, CO",Male,Colorado State University; US Naval Postgradua...,Civil Engineering,Aeronautical Engineering,Captain,US Navy (Retired),5.0,1611.0,0.0,0.0,"STS-73 (Columbia), STS-80 (Columbia), STS-85 (...",,
187,Kevin A. Ford,2000.0,18.0,Active,2060-07-07,"Portland, IN",Male,University of Notre Dame; Troy State Universit...,Aerospace Engineering,International Relations; Aerospace Engineering...,Colonel,US Air Force (Retired),2.0,3781.0,0.0,0.0,"STS-128 (Discovery), ISS-33/34 (Soyuz)",,
188,Kevin P. Chilton,1987.0,12.0,Retired,2054-03-11,"Los Angeles, CA",Male,US Air Force Academy; Columbia University,Engineering Science,Mechanical Engineering,Brigadier General,US Air Force (Retired),3.0,700.0,0.0,0.0,"STS-49 (Endeavor), STS-59 (Endeavor), STS-76 (...",,
189,Kevin R. Kregel,1992.0,14.0,Retired,1956-09-16,"New York, NY",Male,US Air Force Academy; Troy State University,Astronautical Engineering,Public Administration,Brigadier General,US Air Force (Retired),4.0,1265.0,0.0,0.0,"STS-70 (Discovery), STS-78 (Columbia), STS-87 ...",,
190,Kjell N. Lindgren,2009.0,20.0,Active,1973-01-23,"Taipei, Taiwan",Male,US Air Force Academy; University of Colorado; ...,Biology,Medicine; Cardiovascular Physiology; Health In...,Brigadier General,US Air Force (Retired),1.0,3400.0,2.0,15.0,ISS-44/45 (Soyuz),,
191,L. Blaine Hammond Jr.,1984.0,10.0,Retired,1952-01-16,"Savannah, GA",Male,US Air Force Academy; Georgia Institute of Tec...,Engineering Science,Engineering Science,Colonel,US Air Force (Retired),2.0,462.0,0.0,0.0,"STS-39 (Discovery), STS-64 (Discovery)",,
192,L. Gordon Cooper Jr.,1959.0,1.0,Deceased,2027-03-06,"Shawnee, OK",Male,Air Force Institute of Technology,Aeronautical Engineering,Engineering Science,Colonel,US Air Force (Retired),2.0,225.0,0.0,0.0,"Mercury 9, Gemini 5",2004-10-04,Natural causes
193,Laurel B. Clark,1996.0,16.0,Deceased,2061-03-10,"Ames, IA",Female,University of Wisconsin-Madison,Zoology,Medicine,Captain,US Navy,1.0,382.0,0.0,0.0,STS-107 (Columbia),2003-02-01,STS-107 (Columbia)
194,Lawrence J. Delucas,1996.0,16.0,Retired,2050-07-11,"Syracuse, NY",Male,University of Alabama at Birmingham,Chemistry; Physiological Optics,Chemistry; Biochemistry; Optometry,Captain,US Navy,1.0,331.0,0.0,0.0,STS-50 (Columbia),,
195,Lee J. Archambault,1998.0,17.0,Retired,1960-08-25,"Oak Park, IL",Male,University of Illinois-Urbana,Aeronautical & Astronautical Engineering,Aeronautical & Astronautical Engineering,Colonel,US Air Force,2.0,639.0,0.0,0.0,"STS-117 (Atlantis), STS-119 (Discovery)",,
196,Lee M. Morin,1996.0,16.0,Management,2052-09-09,"Manchester, NH",Male,University of New Hampshire; University of Ala...,Mathematical & Electrical Science,Public Health; Biochemistry; Medicine; Microbi...,Captain,US Navy,1.0,259.0,2.0,14.0,STS-110 (Atlantis),,
197,Leland D. Melvin,1998.0,17.0,Management,1964-02-15,"Lynchburg, VA",Male,University of Richmond; University of Virginia,Chemistry,Materials Science Engineering,Captain,US Navy,2.0,565.0,0.0,0.0,"STS-122 (Atlantis), STS-129 (Atlantis)",,
198,Leroy Chiao,1990.0,13.0,Retired,1960-08-28,"Milwaukee, WI",Male,University of California-Berkeley; University ...,Chemical Engineering,Chemical Engineering,Captain,US Navy,4.0,5503.0,6.0,36.0,"STS-65 (Columbia), STS-72 (Endeavor), STS-92 (...",,
199,Linda M. Godwin,1985.0,11.0,Retired,2052-07-02,"Cape Girardeau, MO",Female,Southeast Missouri State; University of Missouri,Mathematics & Physics,Physics,Captain,US Navy,4.0,918.0,2.0,10.0,"STS-37 (Atlantis), STS-59 (Endeavor), STS-76 (...",,
200,Lisa M. Nowak,1996.0,16.0,Retired,2063-05-10,"Washington, DC",Female,US Naval Academy; US Naval Postgraduate School,Aerospace Engineering,Aeronautical Engineering,Captain,US Navy (Retired),1.0,306.0,0.0,0.0,STS-121 (Discovery),,
201,Lodewijk van den Berg,1996.0,16.0,Retired,1932-03-24,"Sluiskil, Netherlands",Male,Delft University of Technology; University of ...,Chemical Engineering,Applied Science,Captain,US Navy (Retired),1.0,168.0,0.0,0.0,STS 51-B (Challenger),,
202,Loren J. Shriver,1978.0,8.0,Retired,1944-09-23,"Jefferson, IA",Male,US Air Force Academy; Purdue University,Aeronautical Engineering,Astronautical Engineering,Colonel,US Air Force (Retired),3.0,386.0,0.0,0.0,"STS 51-C (Discovery), STS-31 (Discovery), STS-...",,
203,Loren W. Acton,1978.0,8.0,Retired,2036-03-07,"Lewiston, MT",Male,Montana State University; University of Colorado,Engineering Physics,Solar Physics,Colonel,US Air Force (Retired),1.0,190.0,0.0,0.0,STS 51-F (Challenger),,
204,M. Scott Carpenter,1959.0,1.0,Retired,2025-05-01,"Boulder, CO",Male,University of Colorado,Aeronautical Engineering,Solar Physics,Commander,US Navy (Retired),1.0,4.0,0.0,0.0,Mercury 7,,
205,Mae C. Jemison,1987.0,12.0,Retired,1956-10-17,"Decatur, AL",Female,Stanford University; Cornell University,Chemical Engineering,Medicine,Commander,US Navy (Retired),1.0,190.0,0.0,0.0,STS-47 (Endeavor),,
207,Margaret Rhea Seddon,1978.0,8.0,Retired,2047-11-08,"Murfreesboro, TN",Female,University of California-Berkeley; University ...,Physiology,Medicine,Captain,US Navy,3.0,722.0,0.0,0.0,"STS 51-D (Discovery), STS-40 (Columbia), STS-5...",,
208,Mario Runco Jr.,1987.0,12.0,Management,1952-01-26,"Bronx, NY",Male,City College of New York; Rutgers University,Earth & Planetary Science,Atmospheric Physics,Lieutenant Commander,US Navy (Retired),3.0,551.0,0.0,0.0,"STS-44 (Atlantis), STS-54 (Endeavor), STS-77 (...",,
209,Mark C. Lee,1984.0,10.0,Retired,1952-08-14,"Viroqua, WI",Male,US Air Force Academy; MIT,Civil Engineering,Mechanical Engineering,Colonel,US Air Force (Retired),4.0,789.0,4.0,26.0,"STS-30 (Atlantis), STS-47 (Endeavor), STS-64 (...",,
210,Mark E. Kelly,1996.0,16.0,Retired,1964-02-21,"Orange, NJ",Male,US Merchant Marine Academy; US Naval Postgradu...,Marine Engineering & Nautical Science,Aeronautical Engineering,Captain,US Navy (Retired),4.0,1298.0,0.0,0.0,"STS-108 (Endeavor), STS-121 (Discovery), STS-1...",,
211,Mark L. Polansky,1996.0,16.0,Retired,2056-06-02,"Paterson, NJ",Male,Purdue University,Aeronautical & Astronautical Engineering,Aeronautical & Astronautical Engineering,Captain,US Navy (Retired),3.0,995.0,0.0,0.0,"STS-98 (Atlantis), ST-116 (Discovery), STS-127...",,
212,Mark N. Brown,1984.0,10.0,Retired,1951-11-18,"Valparaiso, IN",Male,Purdue University; Air Force Institute of Tech...,Aeronautical & Astronautical Engineering,Astronautical Engineering,Colonel,US Air Force (Retired),2.0,249.0,0.0,0.0,"STS 28 (Columbia), STS-48 (Discovery)",,
213,Mark T. Vande Hei,2009.0,20.0,Active,2066-11-10,"Falls Church, VA",Male,Saint John’s University; Stanford University,Physics,Applied Physics,Colonel,US Army,0.0,0.0,0.0,0.0,"STS 28 (Columbia), STS-48 (Discovery)",,
214,Marsha S. Ivins,1984.0,10.0,Retired,1951-04-15,"Baltimore, MD",Female,University of Colorado,Aerospace Engineering,Applied Physics,Colonel,US Army,5.0,1341.0,0.0,0.0,"STS-32 (Columbia), STS-46 (Atlantis), STS-62 (...",,
215,Martin J. Fettman,1984.0,10.0,Retired,1956-12-31,"Brooklyn, NY",Male,Cornell University; Colorado State University,Animal Nutrition,Physiology,Colonel,US Army,1.0,336.0,0.0,0.0,STS-58 (Columbia),,
216,Mary E. Weber,1992.0,14.0,Retired,1962-08-24,"Cleveland, OH",Female,Purdue University; University of California-Be...,Chemical Engineering,Physical Chemistry,Colonel,US Army,2.0,450.0,0.0,0.0,"STS-70 (Discovery), STS-101 (Atlantis)",,
217,Mary L. Cleave,1980.0,9.0,Retired,2047-02-05,"Southampton, NY",Female,Colorado State University; Utah State University,Biological Science,Microbial Ecology; Environmental Engineering,Colonel,US Army,2.0,262.0,0.0,0.0,"STS 61-B (Atlantis), STS-30 (Atlantis)",,
218,Michael A. Baker,1985.0,11.0,Management,1953-10-27,"Memphis, TN",Male,University of Texas,Aerospace Engineering,Microbial Ecology; Environmental Engineering,Captain,US Navy (Retired),4.0,965.0,0.0,0.0,"STS-43 (Atlantis), STS-52 (Columbia), STS-68 (...",,
219,Michael Collins,1963.0,3.0,Retired,1930-10-31,"Rome, Italy",Male,US Military Academy,Aerospace Engineering,Microbial Ecology; Environmental Engineering,Captain,US Air Force Reserves,2.0,266.0,1.0,1.0,"Gemini 10, Apollo 11",,
220,Michael E. Fossum,1998.0,17.0,Active,1957-12-19,"Sioux Falls, SD",Male,Texas A&M University; Air Force Institute of T...,Mechanical Engineering,Systems Engineering; Physical Science (Space S...,Captain,US Air Force Reserves (Retired),3.0,4651.0,7.0,48.0,"STS-121 (Discovery), STS-124 (Discovery), ISS-...",,
221,Michael E. Lopez-Alegria,1992.0,14.0,Retired,1958-05-30,"Madrid, Spain",Male,US Naval Academy; US Naval Postgraduate School,Systems Engineering,Aeronautical Engineering,Captain,US Navy (Retired),3.0,6190.0,10.0,67.0,"STS-73 (Columbia), STS-92 (Discovery), STS-113...",,
222,Michael J. Bloomfield,1995.0,15.0,Retired,1959-03-16,"Flint, MI",Male,US Air Force Academy; Old Dominion University,Engineering Mechanics,Engineering Management,Colonel,US Air Force (Retired),3.0,779.0,0.0,0.0,"STS-86 (Atlantis), STS-97 (Endeavor), STS-110 ...",,
223,Michael J. Foreman,1998.0,17.0,Management,1957-03-29,"Columbus, OH",Male,US Naval Academy; US Naval Postgraduate School,Aerospace Engineering,Aeronautical Engineering,Captain,US Navy (Retired),2.0,637.0,5.0,32.0,"STS-123 (Endeavor), STS-129 (Atlantis)",,
224,Michael J. Massimino,1996.0,16.0,Management,1962-08-19,"Oceanside, NY",Male,Columbia University; MIT,Industrial Engineering,Technology & Policy; Mechanical Engineering,Captain,US Navy (Retired),2.0,571.0,4.0,30.0,"STS-109 (Columbia), STS-125 (Atlantis)",,
225,Michael J. McCulley,1984.0,10.0,Retired,2043-08-04,"San Diego, CA",Male,Purdue University,Metallurgical Engineering,Metallurgical Engineering,Captain,US Navy (Retired),1.0,119.0,0.0,0.0,STS-34 (Atlantis),,
226,Michael J. Smith,1980.0,9.0,Deceased,1945-04-30,"Beaufort, NC",Male,US Naval Academy; US Naval Postgraduate School,Naval Sciences,Aeronautical Engineering,Captain,US Navy,1.0,0.0,0.0,0.0,STS 51-L (Challenger),1986-01-28,STS 51-L (Challenger)
227,Michael L. Coats,1978.0,8.0,Retired,1946-01-16,"Sacramento, CA",Male,US Naval Academy; George Washington University...,Naval Sciences,Science & Technology Administration; Aeronauti...,Captain,US Navy (Retired),3.0,463.0,0.0,0.0,"STS 41-D (Discovery), STS-29 (Discovery), STS-...",,
228,Michael L. Gernhardt,1992.0,14.0,Management,2056-05-04,"Mansfield, OH",Male,Vanderbilt University; University of Pennsylvania,Physics,Bioengineering,Captain,US Navy (Retired),4.0,1039.0,4.0,23.0,"STS-69 (Endeavor), STS-83 (Columbia), STS-94 (...",,
229,Michael P. Anderson,1995.0,15.0,Deceased,1959-12-25,"Plattsburgh, NY",Male,University of Washington; Creighton University,Physics & Astronomy,Physics,Lieutenant Colonel,US Air Force,2.0,594.0,0.0,0.0,"STS-89 (Endeavor), STS-107 (Columbia)",2003-02-01,STS-107 (Columbia)
230,Michael R. Barratt,2000.0,18.0,Active,1959-04-16,"Vancouver, WA",Male,University of Washington; Northwestern Univers...,Zoology,Medicine; Aerospace Medicine,Lieutenant Colonel,US Air Force,2.0,5075.0,1.0,5.0,"ISS-19/20 (Soyuz), STS-133 (Discovery)",,
231,Michael R. Clifford,1990.0,13.0,Retired,1952-10-13,"San Bernardino, CA",Male,US Military Academy; Georgia Institute of Tech...,Zoology,Aerospace Engineering,Lieutenant Colonel,US Army (Retired),3.0,666.0,1.0,6.0,"STS-53 (Discovery), STS-59 (Endeavor), STS-76 ...",,
232,Michael S. Hopkins,2009.0,20.0,Active,1968-12-28,"Lebanon, MO",Male,University of Illinois; Stanford University,Aerospace Engineering,Aerospace Engineering,Colonel,US Air Force,1.0,3990.0,2.0,13.0,ISS-37/38 (Soyuz),,
233,Michael T. Good,2000.0,18.0,Management,1962-10-13,"Parma, OH",Male,University of Notre Dame,Aerospace Engineering,Aerospace Engineering,Colonel,US Air Force (Retired),2.0,592.0,4.0,30.0,"STS-125 (Atlantis), STS-132 (Atlantis)",,
234,Millie Hughes-Fulford,2000.0,18.0,Retired,1945-12-21,"Mineral Wells, TX",Female,Tarleton State University; Texas Woman’s Unive...,Chemistry & Biology,Aerospace Engineering,Colonel,US Air Force (Retired),1.0,218.0,0.0,0.0,STS-40 (Columbia),,
235,N. Jan Davis,1987.0,12.0,Retired,2053-11-01,"Cocoa Beach, FL",Female,Georgia Institute of Technology; Auburn Univer...,Applied Biology; Mechanical Engineering,Mechanical Engineering,Colonel,US Air Force (Retired),3.0,673.0,0.0,0.0,"STS-47 (Endeavor), STS-60 (Discovery), STS-85 ...",,
236,Nancy J. Currie,1990.0,13.0,Management,1958-12-29,"Wilmington, DE",Female,Ohio State University; University of Southern ...,Biological Science,Safety Engineering; Industrial Engineering,Colonel,US Army (Retired),4.0,999.0,0.0,0.0,"STS-57 (Endeavor), STS-70 (Discovery), STS-88 ...",,
237,Neil A. Armstrong,1962.0,2.0,Deceased,2030-08-05,"Wapakoneta, OH",Male,Purdue University; University of Southern Cali...,Aeronautical Engineering,Aerospace Engineering,Colonel,US Army (Retired),2.0,205.0,1.0,2.0,"Gemini 8, Apollo 11",2012-08-25,Complications from cardiac surgery
238,Neil W. Woodward III,1998.0,17.0,Retired,1962-07-26,"Chicago, IL",Male,MIT; University of Texas-Austin; George Washin...,Physics,Physics; Business Management,Commander,US Navy,0.0,0.0,0.0,0.0,"Gemini 8, Apollo 11",,
239,Niclolas J. M. Patrick,1998.0,17.0,Retired,1964-03-22,"North Yorkshire, England",Male,University of Cambridge; MIT,Engineering,Engineering; Mechanical Engineering,Commander,US Navy,2.0,638.0,3.0,18.0,"STS-116 (Discovery), STS-130 (Endeavor)",,
240,Nicole P. Stott,2000.0,18.0,Active,1962-11-19,"Albany, NY",Female,Embry-Riddle Aeronautical University; Universi...,Aeronautical Engineering,Engineering Management,Commander,US Navy,2.0,2477.0,1.0,6.0,"STS-128/129 (Discovery/Atlantis), STS-133 (Dis...",,
241,Norman E. Thagard,1978.0,8.0,Retired,2043-07-03,"Marianna, FL",Male,Florida State University; University of Texas,Engineering Science,Engineering Science; Medicine,Commander,US Navy,5.0,3373.0,0.0,0.0,"STS-7 (Challenger), STS 51-B (Challenger), STS...",,
242,Owen K. Garriott,1965.0,4.0,Retired,1930-11-22,"Enid, OK",Male,University of Oklahoma; Stanford University,Electrical Engineering,Electrical Engineering,Commander,US Navy,2.0,1674.0,3.0,14.0,"Skylab 3, STS-9 (Columbia)",,
243,Pamela A. Melroy,1995.0,15.0,Retired,1961-09-17,"Palo Alto, CA",Female,Wellesley College; MIT,Physics & Astronomy,Earth & Planetary Sciences,Colonel,US Air Force (Retired),3.0,914.0,0.0,0.0,"STS-92 (Discovery), STS-112 (Atlantis), STS-12...",,
245,Patrick G. Forrester,1996.0,16.0,Management,1957-03-31,"El Paso, TX",Male,US Military Academy; University of Virginia,Applied Science & Engineering,Mechanical & Aerospace Engineering,Colonel,US Army (Retired),3.0,950.0,4.0,25.0,"STS-105 (Discovery), STS-117 (Atlantis), STS-1...",,
246,Paul D. Scully-Power,1996.0,16.0,Retired,1944-05-28,"Sydney, Australia",Male,University of Sydney,Applied Mathematics,Mechanical & Aerospace Engineering,Colonel,US Army (Retired),1.0,197.0,0.0,0.0,STS 41-G (Challenger),,
247,Paul J. Weitz,1966.0,5.0,Retired,1932-06-25,"Erie, PA",Male,Pennsylvania State University; US Naval Postgr...,Aeronautical Engineering,Aeronautical Engineering,Captain,US Navy (Retired),2.0,793.0,1.0,2.0,"Skylab 2, STS-6 (Challenger)",,
248,Paul S. Lockhart,1996.0,16.0,Retired,1956-04-28,"Amarillo, TX",Male,Texas Tech University; University of Texas,Mathematics,Aerospace Engineering,Colonel,US Air Force (Retired),2.0,663.0,0.0,0.0,"STS-111 (Endeavor), STS-113 (Endeavor)",,
249,Paul W. Richards,1996.0,16.0,Management,1964-05-20,"Scranton, PA",Male,Drexel University; University of Maryland,Mechanical Engineering,Mechanical Engineering,Colonel,US Air Force (Retired),1.0,307.0,1.0,6.0,STS-102 (Discovery),,
250,Peggy A. Whitson,1996.0,16.0,Active,2060-02-09,"Mt. Ayr, IA",Female,Iowa Wesleyan College; Rice University,Chemistry & Biology,Biochemistry,Colonel,US Air Force (Retired),3.0,11698.0,7.0,46.0,"STS-111/113 (Endeavor), ISS-16 (Soyuz), ISS-50...",,
251,Peter J. K. Wisoff,1990.0,13.0,Retired,1958-08-16,"Norfolk, VA",Male,University of Virginia; Stanford University,Physics,Applied Physics,Colonel,US Air Force (Retired),4.0,1064.0,3.0,20.0,"STS-57 (Endeavor), STS-68 (Endeavor), STS-81 (...",,
252,Philip K. Chapman,1967.0,6.0,Retired,2035-03-05,"Melbourne, Australia",Male,University of Sydney; MIT,Physics & Mathematics,Aeronautics & Astronautics; Instrumentation,Colonel,US Air Force (Retired),0.0,0.0,0.0,0.0,"STS-57 (Endeavor), STS-68 (Endeavor), STS-81 (...",,
253,Pierre J. Thuot,1985.0,11.0,Retired,1955-05-19,"Groton, CT",Male,US Naval Academy; University of Southern Calif...,Physics,Systems Management,Commander,US Navy,3.0,654.0,3.0,17.0,"STS-36 (Atlantis), STS-49 (Endeavor), STS-62 (...",,
254,Piers J. Sellers,1996.0,16.0,Management,2055-04-11,"Crowborough, England",Male,University of Edinburgh; Leeds University,Ecological Science,Biometeorology,Commander,US Navy,3.0,839.0,6.0,41.0,"STS-112 (Atlantis), STS-121 (Discovery), STS-1...",,
255,Randolph J. Bresnik,2004.0,19.0,Active,2067-09-11,"Fort Knox, KY",Male,The Citadel; University of Tennessee-Knoxville,Mathematics,Aviation Systems,Colonel,US Marine Corps,1.0,259.0,2.0,12.0,STS-129 (Atlantis),,
256,Rex J. Walheim,1996.0,16.0,Active,2062-10-10,"Redwood, CA",Male,University of California-Berkeley; University ...,Mechanical Engineering,Industrial Engineering,Colonel,US Air Force (Retired),3.0,872.0,5.0,36.0,"STS-110 (Atlantis), STS-122 (Atlantis), STS-13...",,
257,Richard A. Mastracchio,1996.0,16.0,Active,2060-02-11,"Waterbury, CT",Male,University of Connecticut; Rensselaer Polytech...,Electrical Engineering; Computer Science,Electrical Engineering; Physical Sciences,Colonel,US Air Force (Retired),4.0,5461.0,9.0,53.0,"STS-106 (Atlantis), STS-118 (Endeavor), STS-13...",,
258,Richard A. Searfoss,1990.0,13.0,Retired,2056-06-05,"Mount Clemens, MI",Male,US Air Force Academy; California Institute of ...,Aeronautical Engineering,Aeronautics,Colonel,US Air Force (Retired),3.0,939.0,0.0,0.0,"STS-58 (Columbia), STS-76 (Atlantis), STS-90 (...",,
259,Richard F. Gordon Jr.,1963.0,3.0,Retired,2029-10-05,"Seattle, WA",Male,University of Washington,Chemistry,Aeronautics,Captain,US Navy (Retired),2.0,315.0,1.0,0.5,"Gemini 11, Apollo 12",,
260,Richard H. Truly,1969.0,7.0,Retired,2037-11-12,"Fayette, MS",Male,Georgia Institute of Technology,Aeronautical Engineering,Aeronautics,Vice Admiral,US Navy (Retired),2.0,199.0,0.0,0.0,"STS-2 (Columbia), STS-8 (Challenger)",,
261,Richard J. Hieb,1985.0,11.0,Retired,1955-09-21,"Jamestown, ND",Male,Northwest Nazarene College; University of Colo...,Mathematics & Physics,Aerospace Engineering,Vice Admiral,US Navy (Retired),3.0,766.0,3.0,18.0,"STS-39 (Discovery), STS-49 (Endeavor), STS-65 ...",,
262,Richard M. Linnehan,1992.0,14.0,Management,1957-09-19,"Lowell, MA",Male,University of New Hampshire; Ohio State Univer...,Animal Science,Veterinary Medicine; Public Administration,Vice Admiral,US Navy (Retired),4.0,1427.0,6.0,43.0,"STS-78 (Columbia), STS-90 (Columbia), STS-109 ...",,
263,Richard M. Mullane,1978.0,8.0,Retired,2045-09-10,"Wichita Falls, TX",Male,US Military Academy; US Air Force Institute of...,Military Engineering,Aeronautical Engineering,Colonel,US Air Force (Retired),3.0,356.0,0.0,0.0,"STS 41-D (Discovery), STS-27 (Atlantis), STS-3...",,
264,Richard N. Richards,1980.0,9.0,Retired,1946-08-24,"Key West, FL",Male,University of Missouri; University of West Flo...,Chemical Engineering,Aeronautical Systems,Captain,US Navy (Retired),4.0,813.0,0.0,0.0,"STS-28 (Columbia), STS-41 (Discovery), STS-50 ...",,
265,Richard O. Covey,1978.0,8.0,Retired,2046-08-01,"Fayetteville, AR",Male,US Air Force Academy; Purdue University,Engineering Science,Aeronautics & Astronautics,Colonel,US Air Force (Retired),4.0,645.0,0.0,0.0,"STS 51-l (Discovery), STS-26 (Discovery), STS-...",,
266,Richard R. Arnold II,2004.0,19.0,Active,1963-11-26,"Cheverly, MD",Male,Frostburg State University; University of Mary...,Accounting,Environmental Science,Colonel,US Air Force (Retired),1.0,307.0,2.0,12.0,STS-119 (Discovery),,
267,Rick D. Husband,1995.0,15.0,Deceased,2057-07-12,"Amarillo, TX",Male,Texas Tech University; California State Univer...,Mechanical Engineering,Mechanical Engineering,Colonel,US Air Force,2.0,617.0,0.0,0.0,"STS-96 (Discovery), STS-107 (Columbia)",2003-02-01,STS-107 (Columbia)
268,Robert A. Parker,1967.0,6.0,Retired,1936-12-14,"New York, NY",Male,Amherst College; California Institute of Techn...,Physics & Astronomy,Astronomy,Colonel,US Air Force,2.0,462.0,0.0,0.0,"STS-9 (Columbia), STS-35 (Columbia)",,
269,Robert C. Springer,1980.0,9.0,Retired,1942-05-21,"St. Louis, MO",Male,US Naval Academy; US Naval Postgraduate School,Naval Sciences,Operations Research,Colonel,US Marine Corps (Retired),2.0,237.0,0.0,0.0,"STS-29 (Discovery), STS-38 (Atlantis)",,
270,Robert Cenker,1980.0,9.0,Retired,2048-11-05,"Uniontown, PA",Male,Pennsylvania State University; Rutgers University,Aerospace Engineering,Aerospace Engineering; Electrical Engineering,Colonel,US Marine Corps (Retired),1.0,146.0,0.0,0.0,STS 61-C (Columbia),,
271,Robert D. Cabana,1985.0,11.0,Management,1949-01-23,"Minneapolis, MN",Male,US Naval Academy,Mathematics,Aerospace Engineering; Electrical Engineering,Colonel,US Marine Corps (Retired),4.0,910.0,0.0,0.0,"STS-41 (Discovery), STS-53 (Discovery), STS-65...",,
272,Robert F. Overmyer,1969.0,7.0,Deceased,1936-07-14,"Lorain, OH",Male,Baldwin Wallace College; US Naval Postgraduate...,Physics,Aeronautics,Colonel,US Marine Corps (Retired),2.0,290.0,0.0,0.0,"STS-5 (Columbia), STS 51-B (Challenger)",1996-03-22,Natural causes
273,Robert L. Behnken,2000.0,18.0,Active,1970-07-28,"Creve Couer, MO",Male,Washington University; California Institute of...,Physics & Mechanical Engineering,Mechanical Engineering,Colonel,US Air Force,2.0,708.0,6.0,37.0,"STS-123 (Endeavor), STS-130 (Endeavor)",,
274,Robert L. Crippen,1969.0,7.0,Retired,2037-09-11,"Beaumont, TX",Male,University of Texas,Aerospace Engineering,Mechanical Engineering,Captain,US Navy (Retired),4.0,565.0,0.0,0.0,"STS-1 (Columbia), STS-7 (Challenger), STS 41-C...",,
275,Robert L. Curbeam Jr.,1995.0,15.0,Retired,2062-03-05,"Baltimore, MD",Male,US Naval Academy; US Naval Postgraduate School,Aerospace Engineering,Aerospace Engineering; Aeronautical & Astronau...,Captain,US Navy (Retired),3.0,902.0,7.0,45.0,"STS-85 (Discovery), STS-98 (Atlantis), STS-116...",,
276,Robert L. Gibson,1978.0,8.0,Retired,1946-10-30,"Cooperstown, NY",Male,California Polytechnic Institute,Aeronautical Engineering,Aerospace Engineering; Aeronautical & Astronau...,Captain,US Navy (Retired),5.0,868.0,0.0,0.0,"STS 41-B (Challenger), STS 61-C (Columbia), ST...",,
277,Robert L. Satcher Jr.,2004.0,19.0,Retired,1965-09-22,"Hampton, VA",Male,MIT; Harvard University,Chemical Engineering,Chemical Engineering; Medicine,Captain,US Navy (Retired),1.0,259.0,2.0,12.0,STS-129 (Atlantis),,
278,Robert L. Stewart,1978.0,8.0,Retired,1942-08-13,"Washington, DC",Male,University of Southern Mississippi; University...,Mathematics,Aerospace Engineering,Brigadier General,US Army (Retired),2.0,289.0,2.0,12.0,"STS 41-B (Challenger), STS 51-J (Atlantis)",,
279,Robert Shane Kimbrough,2004.0,19.0,Active,2067-06-04,"Killeen, TX",Male,US Military Academy; Georgia Institute of Tech...,Aerospace Engineering,Operations Research,Colonel,US Army,3.0,3720.0,4.0,25.0,"STS-126 (Endeavor), ISS-49/50 (Soyuz)",,
280,Roger B. Chaffee,1963.0,3.0,Deceased,1935-02-15,"Grand Rapids, MI",Male,Purdue University,Aeronautical Engineering,Operations Research,Lieutenant Commander,US Navy,1.0,0.0,0.0,0.0,Apollo 1,1967-01-27,Apollo 1
281,Roger K. Crouch,1963.0,3.0,Retired,2040-09-12,"Jamestown, TN",Male,Tennessee Polytechnic Institute; Virginia Poly...,Physics,Physics,Lieutenant Commander,US Navy,1.0,471.0,0.0,0.0,"STS-83 (Columbia), STS-94 (Columbia)",,
282,Ronald A. Parise,1963.0,3.0,Deceased,1951-05-24,"Warren, OH",Male,Youngstown State University; University of Flo...,Physics,Astronomy,Lieutenant Commander,US Navy,2.0,614.0,0.0,0.0,"STS-35 (Columbia), STS-67 (Endeavor)",2008-05-09,Natural causes
283,Ronald E. Evans Jr.,1966.0,5.0,Deceased,2033-11-10,"St. Francis, KS",Male,University of Kansas; US Naval Postgraduate Sc...,Electrical Engineering,Aeronautical Engineering,Captain,US Navy (Retired),1.0,301.0,1.0,1.0,Apollo 17,1990-04-06,Due to heart attack
284,Ronald E. McNair,1978.0,8.0,Deceased,1950-10-21,"Lake City, SC",Male,North Carolina A&T State College; MIT,Physics,Physics,Captain,US Navy (Retired),2.0,191.0,0.0,0.0,"STS 41-B (Challenger), STS 51-L (Challenger)",1986-01-28,STS 51-L (Challenger)
285,Ronald J. Garan Jr.,2000.0,18.0,Management,1961-10-20,"Yonkers, NY",Male,State University of New York; Embry-Riddle Aer...,Business Economics,Aeronautics; Aerospace Engineering,Colonel,US Air Force (Retired),2.0,4271.0,4.0,27.0,"STS-124 (Discovery), ISS-27/28 (Soyuz)",,
286,Ronald J. Grabe,1980.0,9.0,Retired,1945-06-13,"New York, NY",Male,US Air Force Academy,Engineering Science,Aeronautics; Aerospace Engineering,Colonel,US Air Force (Retired),4.0,627.0,0.0,0.0,"STS 51-J (Atlantis), STS-30 (Atlantis), STS-42...",,
287,Ronald M. Sega,1990.0,13.0,Retired,2052-12-04,"Cleveland, OH",Male,US Air Force Academy; Ohio State University; U...,Physics & Mathematics,Physics; Electrical Engineering,Colonel,US Air Force Reserves (Retired),2.0,420.0,0.0,0.0,"STS-60 (Discovery), STS-76 (Atlantis)",,
288,Roy D. Bridges Jr.,1980.0,9.0,Retired,1943-07-19,"Atlanta, GA",Male,US Air Force Academy; Purdue University,Engineering Science,Astronautics,Major General,US Air Force (Retired),1.0,190.0,0.0,0.0,STS 51-F (Challenger),,
289,Russell L. Schweickart,1963.0,3.0,Retired,1935-10-25,"Neptune, NJ",Male,MIT,Aeronautics & Astronautics,Aeronautics & Astronautics,Major General,US Air Force (Retired),1.0,241.0,1.0,1.0,Apollo 9,,
290,S. Christa McAuliffe,1963.0,3.0,Deceased,2048-09-02,"Boston, MA",Female,Framingham State College; Bowie State College,Education,Education,Major General,US Air Force (Retired),1.0,0.0,0.0,0.0,STS 51-L (Challenger),1986-01-28,STS 51-L (Challenger)
291,S. David Griggs,1978.0,8.0,Deceased,2039-09-07,"Portland, OR",Male,US Naval Academy; George Washington University,Education,Business Administration,Major General,US Air Force (Retired),1.0,167.0,1.0,3.0,STS 51-D (Discovery),1989-06-17,car accident
292,Sally K. Ride,1978.0,8.0,Deceased,1951-05-26,"Los Angeles, CA",Female,Stanford University,Physics; English,Physics,Major General,US Air Force (Retired),2.0,343.0,0.0,0.0,"STS-7 (Challenger), STS 41-G (Challenger)",2012-07-23,Pancreatic cancer
293,Samuel T. Durrance,1978.0,8.0,Retired,1943-09-17,"Tallahassee, FL",Male,California State University; University of Col...,Physics,Physics; Astrogeophysics,Major General,US Air Force (Retired),2.0,614.0,0.0,0.0,"STS-35 (Columbia), STS-67 (Endeavor)",,
294,Sandra H. Magnus,1996.0,16.0,Retired,1964-10-30,"Belleville, IL",Female,University of Missouri-Rolla; Georgia Institut...,Physics,Electrical Engineering; Materials Science & En...,Major General,US Air Force (Retired),3.0,3776.0,0.0,0.0,"STS-112 (Atlantis), STS-126/119 (Endeavor/Disc...",,
295,Scott D. Altman,1995.0,15.0,Retired,1959-08-15,"Lincoln, IL",Male,University of Illinois; US Naval Postgraduate ...,Aeronautical & Astronautical Engineering,Aeronautical Engineering,Captain,US Navy (Retired),4.0,1236.0,0.0,0.0,"STS-90 (Columbia), STS-106 (Atlantis), STS-109...",,
296,Scott D. Tingle,2009.0,20.0,Active,1965-07-19,"Attleboro, MA",Male,Southeastern Massachusetts University; Purdue ...,Mechanical Engineering,Mechanical Engineering,Commander,US Navy,0.0,0.0,0.0,0.0,"STS-90 (Columbia), STS-106 (Atlantis), STS-109...",,
297,Scott E. Parazynski,1992.0,14.0,Retired,1961-07-28,"Little Rock, AR",Male,Stanford University,Biology,Medicine,Commander,US Navy,5.0,1404.0,7.0,47.0,"STS-66 (Atlantis), STS-86 (Atlantis), STS-95 (...",,
298,Scott J. Horowitz,1992.0,14.0,Retired,1957-03-24,"Philadelphia, PA",Male,California State University-Northridge; Georgi...,Engineering,Aerospace Engineering,Colonel,US Air Force (Retired),4.0,1137.0,0.0,0.0,"STS-75 (Columbia), STS-82 (Discovery), STS-101...",,
299,Scott J. Kelly,1996.0,16.0,Active,1964-02-21,"Orange, NJ",Male,State University of New York Maritime College;...,Electrical Engineering,Aviation Systems,Captain,US Navy (Retired),4.0,12490.0,3.0,18.0,"STS-103 (Discovery), STS-118 (Endeavor), ISS-2...",,
300,Serena M. Aunon,2009.0,20.0,Active,1976-04-09,"Indianapolis, IN",Female,George Washington University; University of Texas,Electrical Engineering,Medicine,Captain,US Navy (Retired),0.0,0.0,0.0,0.0,"STS-103 (Discovery), STS-118 (Endeavor), ISS-2...",,
301,Shannon W. Lucid,1978.0,8.0,Retired,1943-01-14,"Shanghai, China",Female,University of Oklahoma,Chemistry,Biochemistry,Captain,US Navy (Retired),5.0,5354.0,0.0,0.0,"STS 51-G (Discovery), STS-34 (Atlantis), STS-4...",,
302,Shannon Walker,2004.0,19.0,Active,2065-06-04,"Houston, TX",Female,Rice University,Space Physics,Space Physics,Captain,US Navy (Retired),1.0,3919.0,0.0,0.0,ISS-24/25 (Soyuz),,
303,Sherwood C. Spring,1980.0,9.0,Retired,1944-09-23,"Hartford, CT",Male,US Military Academy; University of Arizona,Engineering,Aerospace Engineering,Colonel,US Army (Retired),1.0,165.0,2.0,12.0,STS 61-B (Atlantis),,
304,Sidney M. Gutierrez,1984.0,10.0,Retired,1951-06-27,"Albuquerque, NM",Male,US Air Force Academy; Webster College,Aeronautical Engineering,Business Management,Colonel,US Air Force (Retired),2.0,488.0,0.0,0.0,"STS-40 (Columbia), STS-59 (Endeavor)",,
305,Stanley G. Love,1998.0,17.0,Management,2065-06-08,"San Diego, CA",Male,Harvey Mudd College; University of Washington,Physics,Astronomy,Colonel,US Air Force (Retired),1.0,306.0,2.0,15.0,STS-122 (Atlantis),,
306,Stephanie D. Wilson,1996.0,16.0,Active,1966-09-27,"Boston, MA",Female,Harvard University; University of Texas,Engineering Science,Aerospace Engineering,Colonel,US Air Force (Retired),3.0,1031.0,0.0,0.0,"STS-121 (Discovery), STS-120 (Discovery), STS-...",,
308,Stephen G. Bowen,2000.0,18.0,Active,1964-02-13,"Cohasset, MA",Male,US Naval Academy; MIT,Electrical Engineering,Ocean Engineering,Captain,US Navy,3.0,970.0,7.0,47.0,"STS-126 (Endeavor), STS-132 (Atlantis), STS-13...",,
309,Stephen K. Robinson,1995.0,15.0,Retired,1955-10-26,"Sacramento, CA",Male,University of California-Davis; Stanford Unive...,Mechanical & Aeronautical Engineering,Mechanical Engineering,Captain,US Navy,4.0,1162.0,3.0,20.0,"STS-85 (Discovery), STS-95 (Discovery), STS-11...",,
310,Stephen N. Frick,1996.0,16.0,Management,1961-09-30,"Pittsburgh, PA",Male,US Naval Academy; US Naval Postgraduate School,Aerospace Engineering,Aeronautical Engineering,Captain,US Navy (Retired),2.0,566.0,0.0,0.0,"STS-110 (Atlantis), STS-122 (Atlantis)",,
311,Stephen S. Oswald,1985.0,11.0,Retired,1951-06-30,"Seattle, WA",Male,US Naval Academy,Aerospace Engineering,Aeronautical Engineering,Captain,US Navy (Retired),3.0,814.0,0.0,0.0,"STS-42 (Discovery), STS-56 (Discovery), STS-67...",,
312,Steven A. Hawley,1978.0,8.0,Retired,2051-12-12,"Ottawa, KS",Male,University of Kansas; University of California,Physics & Astronomy,Astronomy & Astrophysics,Captain,US Navy (Retired),5.0,770.0,0.0,0.0,"STS 41-D (Discovery), STS 61-C (Columbia), STS...",,
313,Steven L. Smith,1992.0,14.0,Management,1958-12-30,"Phoenix, AZ",Male,Stanford University,Electrical Engineering,Electrical Engineering,Captain,US Navy (Retired),4.0,960.0,7.0,49.0,"STS-68 (Endeavor), STS-82 (Discovery), STS-103...",,
314,Steven R. Nagel,1978.0,8.0,Retired,1946-10-27,"Canton, IL",Male,University of Illinois; California State Unive...,Aerospace Engineering,Mechanical Engineering,Colonel,US Air Force (Retired),4.0,721.0,0.0,0.0,"STS 51-G (Discovery), STS 61-A (Challenger), S...",,
315,Steven R. Swanson,1998.0,17.0,Active,2060-12-03,"Syracuse, NY",Male,University of Colorado; Florida Atlantic Unive...,Engineering Physics,Computer Systems; Computer Science,Colonel,US Air Force (Retired),3.0,4700.0,5.0,28.0,"STS-117 (Atlantis), STS-119 (Discovery), ISS-3...",,
316,Steven W. Lindsey,1995.0,15.0,Retired,1960-08-24,"Arcadia, CA",Male,US Air Force Academy; US Air Force Institute o...,Engineering Science,Aeronautical Engineering,Colonel,US Air Force (Retired),5.0,1510.0,0.0,0.0,"STS-87 (Columbia), STS-95 (Discovery), STS-104...",,
317,Story Musgrave,1967.0,6.0,Retired,1935-08-19,"Boston, MA",Male,Syracuse University; Marietta College; Univers...,Mathematics & Statistics; Chemistry,Business Administration; Physiology; Literatur...,Colonel,US Air Force (Retired),6.0,1281.0,4.0,26.0,"STS-6 (Challenger), STS 51-F (Challenger), STS...",,
318,Stuart A. Roosa,1966.0,5.0,Deceased,1933-08-16,"Durango, CO",Male,University of Colorado,Aeronautical Engineering,Business Administration; Physiology; Literatur...,Colonel,US Air Force (Retired),1.0,216.0,0.0,0.0,Apollo 14,1994-12-12,Natural causes
319,Sunita L. Williams,1998.0,17.0,Active,1965-09-19,"Euclid, OH",Female,US Naval Academy; Florida Institute of Technology,Physical Science,Engineering Management,Captain,US Navy,2.0,7721.0,7.0,50.0,"STS-116/117 (Discovery/Atlantis), ISS-32/33 (S...",,
320,Susan J. Helms,1990.0,13.0,Retired,1958-02-26,"Charlotte, NC",Female,US Air Force Academy; Stanford University,Aeronautical Engineering,Aeronautics & Astronautics,Lieutenant General,US Air Force,5.0,5063.0,1.0,9.0,"STS-54 (Endeavor), STS-64 (Discovery), STS-78 ...",,
321,Susan L. Kilrain (Still),1995.0,15.0,Retired,1961-10-24,"Augusta, GA",Female,Embry-Riddle University; Georgia Institute of ...,Astronautical Engineering,Aerospace Engineering,Commander,US Navy (Retired),2.0,472.0,0.0,0.0,"STS-83 (Columbia), STS-94 (Columbia)",,
322,Tamara E. Jernigan,1985.0,11.0,Retired,2059-05-07,"Chattanooga, TN",Female,Stanford University; University of California-...,Physics,Engineering Science; Astronomy,Commander,US Navy (Retired),5.0,1489.0,1.0,8.0,"STS-40 (Columbia), STS-52 (Columbia), STS-67 (...",,
323,Taylor G. Wang,1985.0,11.0,Retired,1940-06-16,"Jiangxi, China",Male,University of California at Los Angeles,Physics,Physics,Commander,US Navy (Retired),1.0,168.0,0.0,0.0,STS 51-B (Challenger),,
324,Terence T. Henricks,1985.0,11.0,Retired,2052-07-05,"Bryan, OH",Male,US Air Force Academy; Golden Gate University,Civil Engineering,Public Administration,Colonel,US Air Force (Retired),4.0,1026.0,0.0,0.0,"STS-44 (Atlantis), STS-55 (Columbia), STS-70 (...",,
325,Terrence W. Wilcutt,1990.0,13.0,Management,1949-10-31,"Russellville, KY",Male,Western Kentucky University,Mathematics,Public Administration,Colonel,US Air Force (Retired),4.0,1008.0,0.0,0.0,"STS-68 (Endeavor), STS-79 (Atlantis), STS-89 (...",,
326,Terry J. Hart,1978.0,8.0,Retired,1946-10-27,"Pittsburgh, PA",Male,Lehigh University; MIT; Rutgers University,Mechanical Engineering,Mechanical Engineering; Electrical Engineering,Colonel,US Air Force (Retired),1.0,167.0,0.0,0.0,STS 41-C (Challenger),,
327,Terry W. Virts Jr.,2000.0,18.0,Active,2067-12-01,"Baltimore, MD",Male,US Air Force Academy; Embry-Riddle Aeronautica...,Mathematics,Aeronautics,Colonel,US Air Force,2.0,5122.0,3.0,18.0,"STS-130 (Endeavor), ISS-42/43 (Soyuz)",,
328,Theodore C. Freeman,1963.0,3.0,Deceased,1930-02-18,"Haversford, PA",Male,US Naval Academy; University of Michigan,Mathematics,Aeronautical Engineering,Captain,US Air Force,0.0,0.0,0.0,0.0,"STS-130 (Endeavor), ISS-42/43 (Soyuz)",1964-10-31,T-38 jet aircraft
329,Thomas D. Akers,1987.0,12.0,Retired,1951-05-20,"St. Louis, MO",Male,University of Missouri-Rolla,Applied Mathematics,Applied Mathematics,Colonel,US Air Force (Retired),4.0,814.0,4.0,29.0,"STS-41 (Discovery), STS-49 (Endeavor), STS-61 ...",,
330,Thomas D. Jones,1990.0,13.0,Retired,1955-01-22,"Baltimore, MD",Male,US Air Force Academy; University of Arizona,Applied Mathematics,Planetary Science,Colonel,US Air Force (Retired),4.0,1272.0,3.0,20.0,"STS-59 (Endeavor), STS-68 (Endeavor), STS-80 (...",,
331,Thomas H. Marshburn,2004.0,19.0,Active,1960-08-29,"Statesville, NC",Male,Davidson College; University of Virginia; Wake...,Physics,Engineering Physics; Medicine; Medical Science,Colonel,US Air Force (Retired),2.0,3871.0,4.0,24.0,"STS-127 (Endeavor), ISS-34/35 (Soyuz)",,
333,Thomas K. Mattingly II,1966.0,5.0,Retired,1936-03-17,"Chicago, IL",Male,Auburn University,Aeronautical Engineering,Engineering Physics; Medicine; Medical Science,Rear Admiral,US Navy (Retired),3.0,508.0,1.0,1.0,"Apollo 16, STS-4 (Columbia), STS 51-C (Discovery)",,
334,Thomas P. Stafford,1962.0,2.0,Retired,1930-09-17,"Weatherford, OK",Male,US Naval Academy,Aeronautical Engineering,Engineering Physics; Medicine; Medical Science,Lieutenant General,US Air Force (Retired),4.0,507.0,0.0,0.0,"Gemini 6, Gemini 9, Apollo 10, Apollo-Soyuz Te...",,
335,Timothy J. Creamer,1998.0,17.0,Management,1959-11-15,"Ft. Huachuca, AZ",Male,Loyola College; MIT,Chemistry,Physics,Colonel,US Army (Retired),1.0,3917.0,0.0,0.0,ISS-22/23 (Soyuz),,
336,Timothy L. Kopra,2000.0,18.0,Active,2063-04-09,"Austin, TX",Male,US Military Academy; Georgia Institute of Tech...,Computer Science,Aerospace Engineering; Strategic Studies,Colonel,US Army (Retired),2.0,5857.0,3.0,13.0,"STS-127/128 (Endeavor/Discovery), ISS-46/47 (S...",,
337,Tracy E. Caldwell (Dyson),1998.0,17.0,Active,1969-08-14,"Arcadia, CA",Female,California State University-Fullerton; Univers...,Chemistry,Physical Chemistry,Colonel,US Army (Retired),2.0,4531.0,3.0,23.0,"STS-118 (Endeavor), ISS-23/24 (Soyuz)",,
338,Vance D. Brand,1966.0,5.0,Retired,2031-05-09,"Longmont, CA",Male,University of Colorado; University of Californ...,Business Management; Aeronautical Engineering,Business Administration,Colonel,US Marine Corps Reserves,4.0,752.0,0.0,0.0,"Apollo-Soyuz Test Project, STS-5 (Columbia), S...",,
339,Virgil I. Grissom,1959.0,1.0,Deceased,2026-04-03,"Mitchell, IN",Male,Purdue University,Mechanical Engineering,Business Administration,Lieutenant Colonel,US Air Force,2.0,5.0,0.0,0.0,"Mercury 4, Gemini 3, Apollo 1",1967-01-27,Apollo 1
340,Walter Cunningham,1963.0,3.0,Retired,1932-03-16,"Creston, IA",Male,University of California-Los Angeles,Physics,Physics,Colonel,US Marine Corps Reserves,1.0,260.0,0.0,0.0,Apollo 7,,
341,Walter M. Schirra Jr.,1959.0,1.0,Deceased,2023-03-12,"Hackensack, NJ",Male,US Naval Academy,Naval Sciences,Physics,Captain,US Navy (Retired),3.0,295.0,0.0,0.0,"Mercury 8, Gemini 6, Apollo 7",2007-05-02,Natural causes
342,Wendy B. Lawrence,1992.0,14.0,Retired,2059-07-02,"Jacksonville, FL",Female,US Naval Academy; MIT,Ocean Engineering,Ocean Engineering,Captain,US Navy (Retired),4.0,1223.0,0.0,0.0,"STS-67 (Endeavor), STS-86 (Atlantis), STS-91 (...",,
343,William A. Anders,1963.0,3.0,Retired,1933-10-17,Hong Kong,Male,US Naval Academy; Air Force Institute of Techn...,Nuclear Engineering,Nuclear Engineering,Major General,US Air Force Reserves (Retired),1.0,147.0,0.0,0.0,Apollo 8,,
344,William A. Oefelein,1998.0,17.0,Retired,1965-03-29,"Ft. Belvoir, VA",Male,Oregon State University; University of Tennessee,Electrical Engineering,Aviation Systems,Commander,US Navy (Retired),1.0,308.0,0.0,0.0,STS-116 (Discovery),,
345,William A. Pailes,1998.0,17.0,Retired,1952-06-26,"Hackensack, NJ",Male,US Air Force Academy; Texas A&M University,Computer Science,Computer Science,Colonel,US Air Force (Retired),1.0,97.0,0.0,0.0,STS 51-J (Atlantis),,
346,William B. Lenoir,1967.0,6.0,Deceased,1939-03-14,"Miami, FL",Male,MIT,Electrical Engineering,Electrical Engineering,Colonel,US Air Force (Retired),1.0,122.0,0.0,0.0,STS-5 (Columbia),2010-08-26,Natural causes
347,William C. McCool,1996.0,16.0,Deceased,1961-09-23,"San Diego, CA",Male,US Naval Academy; University of Maryland; US N...,Naval Sciences,Computer Science; Aeronautical Engineering,Commander,US Navy,1.0,382.0,0.0,0.0,STS-107 (Columbia),2003-02-01,STS-107 (Columbia)
348,William E. Thornton,1967.0,6.0,Retired,1929-04-14,"Faison, NC",Male,University of North Carolina,Physics,Medicine,Commander,US Navy,2.0,315.0,0.0,0.0,"STS-8 (Challenger), STS 51-B (Challenger)",,
349,William F. Fisher,1980.0,9.0,Retired,2046-04-01,"Dallas, TX",Male,Stanford University; University of Houston; Un...,Physics,Engineering; Medicine,Commander,US Navy,1.0,170.0,2.0,12.0,STS 51-I (Discovery),,
350,William F. Readdy,1987.0,12.0,Retired,1952-01-24,"Quonset Point, RI",Male,US Naval Academy,Aerospace Engineering,Engineering; Medicine,Captain,US Navy (Retired),3.0,672.0,0.0,0.0,"STS-42 (Discovery), STS-51 (Discovery), STS-79...",,
351,William G. Gregory,1990.0,13.0,Retired,1957-05-14,"Lockport, NY",Male,US Air Force Academy; Columbia University; Tro...,Engineering Science,Engineering Mechanics; Business Management,Lieutenant Colonel,US Air Force,1.0,399.0,0.0,0.0,STS-67 (Endeavor),,
352,William M. Shepherd,1984.0,10.0,Retired,1949-07-26,"Oak Ridge, TN",Male,US Naval Academy; MIT,Aerospace Engineering,Mechanical Engineering,Captain,US Navy (Retired),4.0,3823.0,0.0,0.0,"STS-37 (Atlantis), STS-41 (Discovery), STS-52 ...",,
353,William R. Pogue,1966.0,5.0,Retired,1930-01-23,"Okemah, OK",Male,Oklahoma Baptist University; Oklahoma State Un...,Education,Mathematics,Colonel,US Air Force (Retired),1.0,2017.0,2.0,13.0,Skylab 4,,
354,William S. McArthur Jr.,1990.0,3.0,Management,1951-07-26,"Laurinburg, NC",Male,US Military Academy; Georgia Institute of Tech...,Applied Science & Engineering,Aerospace Engineering,Colonel,US Army (Retired),4.0,5398.0,4.0,24.0,"STS-58 (Columbia), STS-74 (Atlantis), STS-92 (...",,
355,Winston E. Scott,1992.0,14.0,Retired,2050-08-06,"Miami, FL",Male,Florida State University; US Naval Postgraduat...,Music,Aeronautical Engineering,Captain,US Navy (Retired),2.0,590.0,3.0,19.0,"STS-72 (Endeavor), STS-87 (Columbia)",,
356,Yvonne D. Cagle,1996.0,16.0,Management,1959-04-24,"West Point, NY",Female,San Francisco State University,Biochemistry,Aeronautical Engineering,Colonel,US Air Force,0.0,0.0,0.0,0.0,"STS-72 (Endeavor), STS-87 (Columbia)",,
