,Name,Year,GroupNum,Status,Birth_Date,Birth_Place,Gender,Alma_Mater,Undergraduate_Major,Graduate_Major,Military_Rank,Military_Branch,Space_Flights,Space_Flight_hr,Space_Walks,Space_Walks_hr,Missions,Death_Date,Death_Mission
0,Alan B. Shepard Jr.,1959,1,Deceased,18-11-1923,"East Derry, NH",Male,US Naval Academy,Naval Sciences,Naval Science,Rear Admiral,US Navy (Retired),2,216,2,9,"Mercury 3, Apollo 14",21-07-1998,Natural causes
1,Alan G. Poindexter,1998,17,Deceased,5/11/61,"Pasadena, CA",Male,Georgia Institute of Technology; US Naval Post...,Aerospace Engineering,Aeronautical Engineering,Captain,US Navy,2,669,0,0,"STS-122 (Atlantis), STS-131 (Discovery)",1/7/12,Personal watercraft accident
2,Alan L. Bean,1963,3,Deceased,15-03-1932,"Wheeler, TX",Male,University of Texas,Aeronautical Engineering,Aeronautical Engineering,Captain,US Navy (Retired),2,1671,3,10,"Apollo 12, Skylab 3",26-05-2018,Natural causes
3,Albert Sacco Jr.,1963,3,Retired,3/5/49,"Boston, MA",Male,Northeastern University; MIT,Chemical Engineering,Chemical Engineering,Captain,US Navy (Retired),1,381,0,0,STS-73 (Columbia),NaN,NaN
4,Alfred M. Worden,1966,5,Retired,7/2/32,"Jackson, MI",Male,US Military Academy; University of Michigan,Military Science,Aeronautical & Astronautical Engineering,Colonel,US Air Force (Retired),1,295,1,0.5,Apollo 15,NaN,NaN
5,Alvin B. Drew Jr.,2000,18,Active,5/11/62,"Washington, DC",Male,US Air Force Academy; Embry-Riddle Aeronautica...,Physics & Astronautical Engineering,Aerospace Science; Political Science,Colonel,US Air Force,2,613,2,13,"STS-118 (Endeavor), STS-133 (Discovery)",NaN,NaN
6,Andrew J. Feustel,2000,18,Active,25-08-1965,"Lancaster, PA",Male,Purdue University; Queen’s University-Canada,Solid Earth Sciences,Geophysics; Seismology,Colonel,US Air Force,2,687,6,42,"STS-125 (Atlantis), STS-134 (Endeavor)",NaN,NaN
7,Andrew M. Allen,1987,12,Retired,4/8/55,"Philadelphia, PA",Male,Villanova University; University of Florida,Mechanical Engineering,Business Administration,Lieutenant Colonel,US Marine Corps (Retired),3,906,0,0,"STS-46 (Atlantis), STS-62 (Columbia), STS-75 (...",NaN,NaN
8,Andrew S. W. Thomas,1992,14,Management,18-12-1951,"Adelaide, Australia",Male,University of Adelaide,Mechanical Engineering,Mechanical Engineering,Lieutenant Colonel,US Marine Corps (Retired),4,4257,1,6,"STS-77 (Endeavor), STS-89/91 (Endeavor/Discove...",NaN,NaN
9,Anna L. Fisher,1978,8,Management,24-08-1949,"New York, NY",Female,University of California-Los Angeles,Chemistry,Chemistry; Medicine,Lieutenant Colonel,US Marine Corps (Retired),1,191,0,0,STS 51-A (Discovery),NaN,NaN
10,Anthony W. England,1967,6,Retired,15-05-1942,"Indianapolis, IN",Male,MIT,Geology,Geology; Geophysics,Lieutenant Colonel,US Marine Corps (Retired),1,190,0,0,STS 51-F (Challenger),NaN,NaN
11,Barbara R. Morgan,1998,17,Retired,28-11-1951,"Fresno, CA",Female,Stanford University,Human Biology,Geology; Geophysics,Lieutenant Colonel,US Marine Corps (Retired),1,305,0,0,STS-118 (Endeavor),NaN,NaN
12,Barry E. Wilmore,2000,18,Active,29-12-1962,"Murfreesboro, TN",Male,Tennessee Technological University; University...,Electrical Engineering,Electrical Engineering; Aviation Systems,Captain,US Navy,2,4272,4,25,"STS-129 (Atlantis), ISS-41/42 (Soyuz)",NaN,NaN
13,Bernard A. Harris Jr.,1990,13,Retired,26-06-1956,"Temple, TX",Male,University of Houston; Texas Tech University,Biology,Medicine,Captain,US Navy,2,438,1,5,"STS-55 (Columbia), STS-63 (Discovery)",NaN,NaN
14,Bill Nelson,1990,13,Retired,29-09-1942,"Miami, FL",Male,Yale University; University of Virginia,Biology,Law,Captain,US Army (Retired),1,146,0,0,STS 61-C (Columbia),NaN,NaN
15,Bonnie J. Dunbar,1980,9,Retired,3/3/49,"Sunnyside, WA",Female,University of Washington; University of Houston,Ceramic Engineering,Ceramic Engineering; Biomedical Engineering,Captain,US Army (Retired),5,1207,0,0,"STS 61-A (Challenger), STS-32 (Columbia), STS-...",NaN,NaN
16,Brent W. Jett,1992,14,Retired,5/10/58,"Pontiac, MI",Male,US Naval Academy; US Naval Postgraduate School,Aerospace Engineering,Aeronautical Engineering,Captain,US Navy (Retired),4,1002,0,0,"STS-72 (Endeavor), STS-81 (Atlantis), STS-97 (...",NaN,NaN
17,Brewster H. Shaw Jr.,1978,8,Retired,16-05-1945,"Cass City, MI",Male,University of Wisconsin,Engineering Mechanics,Engineering Mechanics,Colonel,US Air Force (Retired),3,533,0,0,"STS-9 (Columbia), STS 61-B (Atlantis), STS-28 ...",NaN,NaN
18,Brian Duffy,1985,11,Retired,20-06-1953,"Boston, MA",Male,US Air Force Academy; University of Southern C...,Mathematics,Systems Management,Colonel,US Air Force (Retired),4,977,0,0,"STS-45 (Atlantis), STS-57 (Endeavor), STS-72 (...",NaN,NaN
19,Brian T. O'Leary,1967,6,Deceased,27-01-1940,"Boston, MA",Male,Williams College; Georgetown University; Unive...,Physics,Astronomy,Colonel,US Air Force (Retired),0,0,0,0,"STS-45 (Atlantis), STS-57 (Endeavor), STS-72 (...",28-07-2011,Due to cancer
20,Bruce E. Melnick,1987,12,Retired,5/12/49,"New York, NY",Male,US Coast Guard Academy; West Florida University,Engineering,Aeronautical Systems,Commander,US Coast Guard (Retired),2,311,0,0,"STS-41 (Discovery), STS-49 (Endeavor)",NaN,NaN
21,Bruce McCandless II,1966,5,Retired,8/6/37,"Boston, MA",Male,US Naval Academy; Stanford University; Univers...,Engineering,Electrical Engineering; Business Administration,Captain,US Navy (Retired),2,312,2,12,"STS 41-B (Challenger), STS-31 (Discovery)",NaN,NaN
22,Bryan D. O'Connor,1980,9,Retired,6/9/46,"Orange, CA",Male,US Naval Academy; West Florida University,Engineering,Aeronautical Systems,Colonel,US Marine Corps (Retired),2,383,0,0,"STS 61-B (Atlantis), STS-40 (Columbia)",NaN,NaN
23,Buzz Aldrin,1963,3,Retired,20-01-1930,"Montclair, NJ",Male,US Military Academy; MIT,Mechanical Engineering,Astronautics,Colonel,US Air Force (Retired),2,289,2,8,"Gemini 12, Apollo 11",NaN,NaN
24,Byron K. Lichtenberg,1963,3,Retired,19-02-1948,"Stroudsburg, PA",Male,Brown University; MIT,Aerospace Engineering,Mechanical Engineering; Biomedical Engineering,Colonel,US Air Force (Retired),2,461,0,0,"STS-9 (Columbia), STS-45 (Atlantis)",NaN,NaN
25,C. Gordon Fullerton,1969,7,Retired,11/10/36,"Rochester, NY",Male,California Institute of Technology,Mechanical Engineering,Mechanical Engineering,Colonel,US Air Force (Retired),2,382,0,0,"STS-3 (Columbia), STS 51-F (Challenger)",NaN,NaN
26,C. Michael Foale,1987,12,Active,6/1/57,"Louth, England",Male,Cambridge University,Physics,Laboratory Astrophysics,Colonel,US Air Force (Retired),6,8970,4,22,"STS-45 (Atlantis), STS-56 (Discovery), STS-63 ...",NaN,NaN
27,Carl E. Walz,1990,13,Retired,6/9/55,"Cleveland, OH",Male,Kent State University; John Carroll University,Physics,Solid State Physics,Colonel,US Air Force,4,5533,3,19,"STS-51 (Discovery), STS-65 (Columbia), STS-79 ...",NaN,NaN
28,Carl J. Meade,1985,11,Retired,16-11-1950,"Chanute Air Force Base, IL",Male,University of Texas; California Institute of T...,Electronics Engineering,Electronics Engineering,Colonel,US Air Force (Retired),3,712,1,6,"STS-38 (Atlantis), STS-50 (Columbia), STS-64 (...",NaN,NaN
29,Carlos I. Noriega,1995,15,Retired,8/10/59,"Lima, Peru",Male,University of Southern California; US Naval Po...,Computer Science,Computer Science; Space Systems Operations,Lieutenant Colonel,US Marine Corps (Retired),2,481,3,19,"STS-84 (Atlantis), STS-97 (Endeavor)",NaN,NaN
30,Catherine G. Coleman,1992,14,Active,14-12-1960,"Charleston, SC",Female,MIT; University of Massachusetts,Chemistry,Polymer Science & Engineering,Colonel,US Air Force (Retired),3,4324,0,0,"STS-73 (Columbia), STS-93 (Columbia), ISS-26/2...",NaN,NaN
31,Charles A. Bassett II,1963,3,Deceased,30-12-1931,"Dayton, OH",Male,Texas Technological College,Electrical Engineering,Polymer Science & Engineering,Captain,US Air Force,0,0,0,0,"STS-73 (Columbia), STS-93 (Columbia), ISS-26/2...",28-02-1966,T-38 Talon jet aircraft
32,Charles Conrad Jr.,1962,2,Deceased,2/5/30,"Philadelphia, PA",Male,Princeton University,Aeronautical Engineering,Polymer Science & Engineering,Captain,US Navy (Retired),4,1179,4,12,"Gemini 5, Gemini 11, Apollo 12, Skylab 2",8/7/99,Motorcycle accident
33,Charles D. Gemar,1985,11,Retired,4/8/55,"Yanktown, SD",Male,US Military Academy,Engineering,Polymer Science & Engineering,Lieutenant Colonel,US Army,3,581,0,0,"STS-38 (Atlantis), STS-48 (Discovery), STS-62 ...",NaN,NaN
34,Charles D. Walker,1985,11,Retired,29-08-1948,"Bedford, IN",Male,Purdue University,Aeronautical & Astronautical Engineering,Polymer Science & Engineering,Lieutenant Colonel,US Army,3,477,0,0,"STS 41-D (Discovery), STS 51-D (Discovery), ST...",NaN,NaN
35,Charles E. Brady Jr.,1992,14,Deceased,12/8/51,"Pinehurst, NC",Male,University of North Carolina at Chapel Hill; D...,Aeronautical & Astronautical Engineering,Medicine,Captain,US Navy,1,405,0,0,STS-78 (Columbia),23-07-2006,Natural causes
36,Charles F. Bolden Jr.,1980,9,Management,19-08-1946,"Columbia, SC",Male,US Naval Academy; University of Southern Calif...,Electrical Science,Systems Management,Major General,US Marine Corps (Retired),4,680,0,0,"STS-61C (Columbia), STS-31 (Discovery), STS-45...",NaN,NaN
37,Charles J. Camarda,1996,16,Management,8/5/52,"Queens, NY",Male,Polytechnic Institute of Brooklyn; George Wash...,Aerospace Engineering,Engineering Science; Aerospace Engineering,Major General,US Marine Corps (Retired),1,333,0,0,STS-114 (Discovery),NaN,NaN
38,Charles J. Precourt,1990,13,Retired,29-06-1955,"Waltham, MA",Male,US Air Force Academy; Golden Gate University; ...,Aeronautical Engineering,Engineering Management; Strategic Studies,Colonel,US Air Force (Retired),4,950,0,0,"STS-55 (Columbia), STS-71 (Atlantis), STS-84 (...",NaN,NaN
39,Charles Lacy Veach,1984,10,Deceased,18-09-1944,"Chicago, IL",Male,US Air Force Academy,Engineering Management,Engineering Management; Strategic Studies,Colonel,US Air Force (Retired),2,436,0,0,"STS-39 (Discovery), STS-52 (Columbia)",1/7/12,Due to cancer
40,Charles M. Duke Jr.,1966,5,Retired,3/10/35,"Charlotte, NC",Male,US Naval Academy; MIT,Naval Sciences,Aeronautics,Brigadier General,US Air Force (Retired),1,265,3,20,Apollo 16,NaN,NaN
41,Charles O. Hobaugh,1996,16,Retired,5/11/61,"Bar Harbor, ME",Male,US Naval Academy,Aerospace Engineering,Aeronautics,Colonel,US Marine Corps (Retired),3,873,0,0,"STS-104 (Atlantis), STS-118 (Endeavor), ST-129...",NaN,NaN
42,Christopher J. Cassidy,2004,19,Active,4/1/70,"Salem, MA",Male,US Naval Academy; MIT,Mathematics,Ocean Engineering,Commander,US Navy,1,4376,6,31,STS-127 (Endeavor); ISS-35/36 (Soyuz),NaN,NaN
43,Christopher J. Ferguson,1998,17,Retired,1/9/61,"Philadelphia, PA",Male,Drexel University; US Naval Postgraduate School,Mechanical Engineering,Aeronautical Engineering,Captain,US Navy (Retired),3,970,0,0,"STS-115 (Atlantis), STS-126 (Endeavor), STS-13...",NaN,NaN
44,Christopher J. Loria,1996,16,Retired,9/7/60,"Belmont, MA",Male,US Naval Academy; Harvard University,Engineering,Public Administration,Colonel,US Marine Corps (Retired),0,0,0,0,"STS-115 (Atlantis), STS-126 (Endeavor), STS-13...",NaN,NaN
45,Clayton C. Anderson,1998,17,Retired,23-02-1959,"Omaha, NE",Male,Hastings College; Iowa State University,Physics,Aerospace Engineering,Colonel,US Marine Corps (Retired),2,4005,6,38,"STS-117/120 (Atlantis/Discovery), STS-131 (Dis...",NaN,NaN
46,Clifton C. Williams Jr.,1963,3,Deceased,26-09-1932,"Mobile, AL",Male,Auburn University,Mechanical Engineering,Aerospace Engineering,Major,US Marine Corps,0,0,0,0,"STS-117/120 (Atlantis/Discovery), STS-131 (Dis...",5/10/67,T-38 jet trainer crash
47,Curtis L. Brown Jr.,1987,12,Retired,11/3/56,"Elizabethtown, NC",Male,US Air Force Academy,Electrical Engineering,Aerospace Engineering,Colonel,US Air Force (Retired),6,1383,0,0,"STS-47 (Endeavor), STS-66 (Atlantis), STS-77 (...",NaN,NaN
48,Dale A. Gardner,1978,8,Retired,8/11/48,"Fairmont, MN",Male,University of Illinois,Engineering Physics,Aerospace Engineering,Captain,US Navy (Retired),2,336,2,12,"STS-8 (Challenger), STS 51-A (Discovery)",NaN,NaN
49,Daniel C. Brandenstein,1978,8,Retired,17-01-1943,"Watertown, WI",Male,University of Wisconsin,Mathematics & Physics,Aerospace Engineering,Captain,US Navy (Retired),4,789,0,0,"STS-8 (Challenger), STS 51-G (Discovery), STS-...",NaN,NaN
50,Daniel C. Burbank,1996,16,Active,27-07-1961,"Machester, CT",Male,US Coast Guard Academy; Embry-Riddle Aeronauti...,Electrical Engineering,Aeronautical Science,Captain,US Coast Guard (Retired),3,4512,1,7,"STS-106 (Atlantis), STS-115 (Atlantis), ISS-29...",NaN,NaN
51,Daniel M. Tani,1996,16,Retired,1/2/61,"Ridley Park, PA",Male,MIT,Mechanical Engineering,Mechanical Engineering,Captain,US Coast Guard (Retired),2,3162,6,39,"STS-108 (Endeavor), STS-120/122 (Discovery/Atl...",NaN,NaN
52,Daniel T. Barry,1992,14,Retired,30-12-1953,"Norwalk, CT",Male,Cornell University; Princeton University; Univ...,Electrical Engineering,Electrical Engineering; Computer Science; Medi...,Captain,US Coast Guard (Retired),3,733,4,26,"STS-72 (Endeavor), STS-96 (Discovery), STS-105...",NaN,NaN
53,Daniel W. Bursch,1990,13,Retired,25-07-1957,"Bristol, PA",Male,US Naval Academy; US Naval Postgraduate School,Physics,Engineering Science,Captain,US Navy (Retired),4,5446,2,12,"STS-51 (Discovery), STS-68 (Endeavor), STS-77 ...",NaN,NaN
54,David A. Wolf,1990,13,Retired,23-08-1956,"Indianapolis, IN",Male,Purdue University; Indiana University,Electrical Engineering,Medicine,Captain,US Navy (Retired),3,4044,7,41,STS-58 (Columbia). STS-86/89 (Atlantis/Endeavo...,NaN,NaN
55,David C. Hilmers,1980,9,Retired,28-01-1950,"Clinton, IA",Male,Cornell University; US Naval Postgraduate School,Mathematics,Electrical Engineering,Colonel,US Marine Corps (Retired),4,494,0,0,"ST 51-J (Atlantis), STS-26 (Discovery), STS-36...",NaN,NaN
56,David C. Leestma,1980,9,Management,6/5/49,"Muskegon, MI",Male,US Naval Academy; US Naval Postgraduate School,Aeronautical Engineering,Aeronautical Engineering,Captain,US Navy (Retired),3,532,1,3,"STS 41-G (Challenger), STS-28 (Columbia), STS-...",NaN,NaN
57,David M. Brown,1996,16,Deceased,16-04-1956,"Arlington, VA",Male,College of William & Mary; Eastern Virginia Me...,Biology,Medicine,Captain,US Navy,1,382,0,0,STS-107 (Columbia),1/2/03,STS-107 (Columbia)
58,David M. Walker,1978,8,Deceased,20-05-1944,"Columbus, GA",Male,US Naval Academy,Naval Sciences,Medicine,Captain,US Navy (Retired),4,724,0,0,"STS 51-A (Discovery), STS-30 (Atlantis), STS-5...",23-04-2001,Plane crash
59,David R. Scott,1963,3,Retired,6/6/32,"San Antonio, TX",Male,US Military Academy; MIT,Naval Sciences,Aeronautics & Astronautics,Colonel,US Air Force (Retired),3,546,4,19,"Gemini 8, Apollo 9, Apollo 15",NaN,NaN
60,Dominic A. Antonelli,2000,18,Active,23-08-1967,"Detroit, MI",Male,MIT; University of Washington,Aeronautics & Astronautics,Aeronautics & Astronautics,Commander,US Navy,2,579,0,0,"STS-119 (Discovery), STS-132 (Atlantis)",NaN,NaN
61,Dominic L. Gorie,1995,15,Retired,2/5/57,"Lake Charles, LA",Male,US Naval Academy; University of Tennessee,Ocean Engineering,Aviation Systems,Captain,US Navy (Retired),4,1167,0,0,"STS-91 (Discovery), STS-99 (Endeavor), STS-123...",NaN,NaN
62,Don L. Lind,1966,5,Retired,18-05-1930,"Midvale, UT",Male,University of Utah; University of California-B...,Physics,Nuclear Physics,Captain,US Navy (Retired),1,168,0,0,STS 51-B (Challenger),NaN,NaN
63,Donald A. Thomas,1990,13,Retired,6/5/55,"Cleveland, OH",Male,Case Western Reserve University; Cornell Unive...,Physics,Materials Science,Captain,US Navy (Retired),4,1040,0,0,"STS-65 (Columbia), STS-70 (Discovery), STS-83 ...",NaN,NaN
64,Donald E. Williams,1978,8,Retired,13-02-1958,"Lafayette, IN",Male,Purdue University,Mechanical Engineering,Materials Science,Captain,US Navy (Retired),2,287,0,0,"STS 51-D (Discovery), STS-34 (Atlantis)",NaN,NaN
65,Donald H. Peterson,1969,7,Retired,22-10-1933,"Winona, MS",Male,US Military Academy; US Air Force Institute of...,Mechanical Engineering,Nuclear Engineering,Colonel,US Air Force (Retired),1,120,1,4,STS-6 (Challenger),NaN,NaN
66,Donald K. Slayton,1959,1,Deceased,1/3/24,"Sparta, WI",Male,University of Minnesota,Aeronautical Engineering,Nuclear Engineering,Major,US Air Force Reserves,1,217,0,0,Apollo-Soyuz Test Project,13-06-1993,Natural causes
67,Donald L. Holmquest,1967,6,Retired,7/4/39,"Dallas, TX",Male,Southern Methodist University; Baylor Universi...,Electrical Engineering,Physiology; Medicine; Law,Major,US Air Force Reserves,0,0,0,0,Apollo-Soyuz Test Project,NaN,NaN
68,Donald R. McMonagle,1987,12,Retired,14-05-1952,"Flint, MI",Male,US Air Force Academy; California State Univers...,Astronautical Engineering,Mechanical Engineering,Colonel,US Air Force (Retired),3,605,0,0,"STS-39 (Discovery), STS-54 (Endeavor), STS-66 ...",NaN,NaN
69,Donald R. Pettit,1996,16,Active,20-04-1955,"Silverton, OR",Male,Oregon State University; University of Arizona,Chemical Engineering,Chemical Engineering,Colonel,US Air Force (Retired),3,8872,2,13,"ISS-6 (Soyuz), STS-126 (Endeavor), ISS-30/31 (...",NaN,NaN
70,Donn F. Eisele,1963,3,Deceased,23-05-1930,"Columbus, OH",Male,US Naval Academy; US Air Force Institute of Te...,Astronautics,Astronautics,Colonel,US Air Force (Retired),1,260,0,0,Apollo 7,2/12/87,Natural causes
71,Dorothy M. Metcalf-Lindenberger,2004,19,Active,2/5/75,"Colorado Springs, CO",Female,Whitman College,Geology,Astronautics,Colonel,US Air Force (Retired),1,362,0,0,STS-131 (Discovery),NaN,NaN
72,Douglas G. Hurley,2000,18,Active,21-10-1966,"Endicott, NY",Male,Tulane University,Civil Engineering,Astronautics,Colonel,US Marine Corps,2,683,0,0,"STS-127 (Endeavor), STS-135 (Atlantis)",NaN,NaN
73,Douglas H. Wheelock,1998,17,Active,5/5/60,"Binghamton, NY",Male,US Military Academy; Georgia Institute of Tech...,Applied Science & Engineering,Aerospace Engineering,Colonel,US Army,2,4281,6,43,"STS-120 (Discovery), ISS-24/25 (Soyuz)",NaN,NaN
74,Duane E. Graveline,1965,4,Retired,2/3/31,"Newport, VT",Male,University of Vermont; Johns Hopkins University,Applied Science & Engineering,Public Health; Medicine,Colonel,US Army,0,0,0,0,"STS-120 (Discovery), ISS-24/25 (Soyuz)",NaN,NaN
75,Duane G. Carey,1996,16,Retired,30-04-1957,"St. Paul, MN",Male,University of Minnesota-Minneapolis,Aerospace Engineering & Mechanics,Aerospace Engineering,Lieutenant Colonel,US Air Force (Retired),1,262,0,0,STS-109 (Columbia),NaN,NaN
76,E. Michael Fincke,1996,16,Active,14-03-1967,"Pittsburgh, PA",Male,MIT; Stanford University; University of Housto...,"Aeronautics & Astronautics; Earth, Atmospheric...",Aeronautics & Astronautics; Physical Sciences,Colonel,US Air Force,3,9159,9,48,"ISS-09 (Soyuz), ISS-18 (Soyuz), STS-134 (Endea...",NaN,NaN
77,Edgar D. Mitchell,1966,5,Retired,17-09-1930,"Hereford, TX",Male,Carnegie-Mellon University; US Naval Postgradu...,Industrial Management,Aeronautical Engineering; Aeronautics & Astron...,Captain,US Navy (Retired),1,216,2,9,Apollo 14,NaN,NaN
78,Edward G. Gibson,1965,4,Retired,8/11/36,"Buffalo, NY",Male,University of Rochester; California Institute ...,Engineering,Engineering,Captain,US Navy (Retired),1,2017,3,15,Skylab 4,NaN,NaN
79,Edward G. Givens Jr.,1966,5,Deceased,5/1/30,"Quanah, TX",Male,US Naval Academy,Naval Sciences,Engineering,Major,US Air Force,0,0,0,0,Skylab 4,6/6/67,Automobile accident
80,Edward H. White II,1962,2,Deceased,14-11-1930,"San Antonio, TX",Male,US Military Academy; University of Michigan,Naval Sciences,Aeronautical Engineering,Lieutenant Colonel,US Air Force,2,97,1,0.5,"Gemini 4, Apollo 1",27-01-1967,Apollo 1
81,Edward T. Lu,1995,15,Retired,1/7/63,"Springfield, MA",Male,Cornell University; Stanford University,Electrical Engineering,Applied Physics,Lieutenant Colonel,US Air Force,3,4962,1,6,"STS-84 (Atlantis), STS-106 (Atlantis), ISS-07 ...",NaN,NaN
82,Eileen M. Collins,1990,13,Retired,19-11-1959,"Elmira, NY",Female,Syracuse University; Stanford University; Webs...,Mathematics & Economics,Operations Research; Space Systems Management,Colonel,US Air Force (Retired),4,890,0,0,"STS-63 (Discovery), STS-84 (Atlantis), STS-114...",NaN,NaN
83,Ellen Ochoa,1990,13,Management,10/5/58,"Los Angeles, CA",Female,San Diego State University; Stanford University,Physics,Electrical Engineering,Colonel,US Air Force (Retired),4,979,0,0,"STS-56 (Discovery), STS-66 (Atlantis), STS-96 ...",NaN,NaN
84,Ellen S. Baker,1984,10,Retired,27-04-1953,"Fayettesville, NC",Female,State University of New York-Buffalo; Cornell ...,Geology,Medicine; Public Health,Colonel,US Air Force (Retired),3,686,0,0,"STS-34 (Atlantis), STS-50 (Columbia), STS-71 (...",NaN,NaN
85,Elliot M. See Jr.,1962,2,Deceased,23-07-1927,"Dallas, TX",Male,US Merchant Marine Academy; University of Cali...,Geology,Engineering,Colonel,US Air Force (Retired),0,0,0,0,"STS-34 (Atlantis), STS-50 (Columbia), STS-71 (...",28-02-1966,T-38 jet aircraft
86,Ellison S. Onizuka,1978,8,Deceased,24-06-1946,"Kealakekua, HI",Male,University of Colorado,Aerospace Engineering,Aerospace Engineering,Lieutenant Colonel,US Air Force,2,73,0,0,"STS 51-C (Discovery), STS 51-L (Challenger)",28-01-1986,STS 51-L (Challenger)
87,Eric A. Boe,2000,18,Active,1/10/64,"Miami, FL",Male,US Air Force Academy; Georgia Institute of Tec...,Aeronautical Engineering,Electrical Engineering,Colonel,US Air Force,2,687,0,0,"STS-126 (Endeavor), STS-133 (Discovery)",NaN,NaN
88,Eugene A. Cernan,1963,3,Deceased,14-03-1934,"Chicago, IL",Male,Purdue University; US Naval Postgraduate School,Electrical Engineering,Aeronautical Engineering,Captain,US Navy (Retired),3,566,4,24,"Gemini 9, Apollo 10, Apollo 17",16-01-2017,Natural causes
89,F. Andrew Gaffney,1963,3,Retired,9/6/46,"Carlsbad, NM",Male,University of California-Berkeley; University ...,Psychology,Medicine,Captain,US Navy (Retired),1,218,0,0,STS-40 (Columbia),NaN,NaN
90,F. Curtis Michel,1965,4,Retired,5/6/34,"LaCrosse, WI",Male,California Institute of Technology,Physics,Physics,Captain,US Navy (Retired),0,0,0,0,STS-40 (Columbia),NaN,NaN
91,Fernando Caldeiro,1996,16,Deceased,12/6/58,"Buenos Aires, Argentina",Male,University of Arizona; University of Central F...,Mechanical Engineering,Engineering Management,Captain,US Navy (Retired),0,0,0,0,STS-40 (Columbia),3/10/09,NaN
92,Francis R. Scobee,1978,8,Deceased,19-05-1939,"Cle Elum, WA",Male,University of Arizona,Aerospace Engineering,Engineering Management,Major,US Air Force (Retired),2,167,0,0,"STS 41-C (Challenger), STS 51-L (Challenger)",28-01-1986,STS 51-L (Challenger)
93,Frank Borman,1962,2,Retired,14-03-1928,"Gary, IN",Male,US Military Academy; California Institute of T...,Aerospace Engineering,Aeronautical Engineering,Colonel,US Air Force (Retired),2,477,0,0,"Gemini 7, Apollo 8",NaN,NaN
94,Frank L. Culbertson Jr.,1984,10,Retired,15-05-1949,"Charleston, SC",Male,US Naval Academy,Aerospace Engineering,Aeronautical Engineering,Captain,US Navy (Retired),3,3446,1,5,"STS-38 (Atlantis), STS-51 (Discovery), STS-105...",NaN,NaN
95,Franklin R. Chang-Diaz,1980,9,Retired,5/4/50,"San Jose, Costa Rica",Male,University of Connecticut; MIT,Mechanical Engineering,Applied Plasma Physics,Captain,US Navy (Retired),7,1602,3,19,"STS 61-C (Columbia), STS-34 (Atlantis), STS-46...",NaN,NaN
96,Fred W. Haise Jr.,1966,5,Retired,14-11-1933,"Biloxi, MS",Male,University of Oklahoma,Aeronautical Engineering,Applied Plasma Physics,Captain,US Navy (Retired),1,142,0,0,Apollo 13,NaN,NaN
97,Fred W. Leslie,1966,5,Retired,19-12-1951,"Ancon, Panama",Male,University of Texas; University of Oklahoma,Engineering Science,Meteorology,Captain,US Navy (Retired),1,381,0,0,STS-73 (Columbia),NaN,NaN
98,Frederick D. Gregory,1978,8,Retired,7/1/41,"Washington, DC",Male,US Air Force Academy; George Washington Univer...,Engineering Science,Information Systems,Colonel,US Air Force (Retired),3,455,0,0,"STS 51-B (Challenger), STS-33 (Discovery), STS...",NaN,NaN
99,Frederick H. Hauck,1978,8,Retired,11/4/41,"Long Beach, CA",Male,Tufts University; MIT,Physics,Nuclear Engineering,Captain,US Navy (Retired),3,435,0,0,"STS-7 (Challenger), STS 51-A (Discovery), STS-...",NaN,NaN
100,Frederick W. Sturckow,1995,15,Retired,11/8/61,"La Mesa, CA",Male,California Polytechnic State University,Mechanical Engineering,Nuclear Engineering,Colonel,US Marine Corps (Retired),4,1233,0,0,"STS-88 (Endeavor), STS-105 (Discovery), STS-11...",NaN,NaN
101,G. David Low,1984,10,Deceased,19-02-1956,"Cleveland, OH",Male,Washington & Lee University; Cornell Universit...,Physics & Engineering,Mechanical Engineering; Aeronautics & Astronau...,Colonel,US Marine Corps (Retired),3,714,1,6,"STS-32 (Columbia), STS-43 (Atlantis), STS-57 (...",15-03-2008,Natural causes
102,G. Reid Wiseman,2009,20,Active,11/11/75,"Baltimore, MD",Male,Rensselaer Polytechnic Institute; Johns Hopkin...,Computer & Systems Engineering,Systems Engineering,Commander,US Navy,1,3968,2,13,ISS-40/41 (Soyuz),NaN,NaN
103,Garrett E. Reisman,1998,17,Retired,10/2/68,"Morristown, NJ",Male,University of Pennsylvania; California Institu...,Economics,Mechanical Engineering,Commander,US Navy,2,2571,3,21,"STS-123/124 (Endeavor/Discovery), STS-132 (Atl...",NaN,NaN
104,Gary E. Payton,1998,17,Retired,20-06-1948,"Rock Island, IL",Male,US Air Force Academy; Purdue University,Astronautical Engineering,Astronautical & Aeronautical Engineering,Major,US Air Force,1,73,0,0,STS 51-C (Discovery),NaN,NaN
105,George D. Nelson,1978,8,Retired,13-07-1950,"Charles City, IA",Male,Harvey Mudd College; University of Washington,Physics,Astronomy,Major,US Air Force,3,411,2,10,"STS 41-C (Challenger), STS 61-C (Columbia), ST...",NaN,NaN
106,George D. Zamka,1998,17,Retired,29-06-1962,"Jersey City, NJ",Male,US Naval Academy; Florida Institute of Technology,Mathematics,Engineering Management,Colonel,US Marine Corps (Retired),2,692,0,0,"STS-120 (Discovery), STS-130 (Endeavor)",NaN,NaN
107,Gerald P. Carr,1966,5,Retired,22-08-1932,"Denver, CO",Male,University of Southern California; US Naval Po...,Mechanical Engineering,Aeronautical Engineering,Colonel,US Marine Corps (Retired),1,2017,3,16,Skylab 4,NaN,NaN
108,Gregory B. Jarvis,1966,5,Deceased,24-08-1944,"Detroit, MI",Male,State University of New York at Buffalo; North...,Electrical Engineering,Electrical Engineering,Colonel,US Marine Corps (Retired),1,0,0,0,STS 51-L (Challenger),28-01-1986,STS 51-L (Challenger)
109,Gregory C. Johnson,1998,17,Management,30-07-1954,"Seattle, WA",Male,University of Washington,Aerospace Engineering,Electrical Engineering,Captain,US Navy (Retired),1,309,0,0,STS-125 (Atlantis),NaN,NaN
110,Gregory E. Chamitoff,1998,17,Active,6/8/62,"Montreal, Canada",Male,California Polytechnic State University; Calif...,Electrical Engineering,Aeronautical Engineering; Aeronautics & Astron...,Captain,US Navy (Retired),2,4770,2,13,"STS-124/126 (Discovery/Endeavor), STS-134 (End...",NaN,NaN
111,Gregory H. Johnson,1998,17,Active,12/5/62,"London, England",Male,US Air Force Academy; Columbia University; Uni...,Aeronautical Engineering,Flight Structures Engineering; Business Admini...,Colonel,US Air Force (Retired),2,755,0,0,"STS-123 (Endeavor), STS-134 (Endeavor)",NaN,NaN
112,Gregory J. Harbaugh,1987,12,Retired,15-04-1956,"Cleveland, OH",Male,Purdue University; University of Houston-Clear...,Aeronautical & Astronautical Engineering,Physical Science,Colonel,US Air Force (Retired),4,817,3,18,"STS-39 (Discovery), STS-54 (Endeavor), STS-71 ...",NaN,NaN
113,Gregory T. Linteris,1987,12,Retired,4/10/57,"Demarest, NJ",Male,Princeton University; Stanford University,Chemical Engineering,Mechanical Engineering; Mechanical & Aerospace...,Colonel,US Air Force (Retired),2,471,0,0,"STS-83 (Columbia), STS-94 (Columbia)",NaN,NaN
114,Guion S. Bluford Jr.,1978,8,Retired,22-11-1942,"Philadelphia, PA",Male,Pennsylvania State University; Air Force Insti...,Aerospace Engineering,Aerospace Engineering; Business Administration,Colonel,US Air Force (Retired),4,689,0,0,"STS-8 (Challenger), STS 61-A (Challenger), STS...",NaN,NaN
115,Guy S. Gardner,1980,9,Retired,6/1/48,"Alta Vista, VA",Male,US Air Force Academy; Purdue University,Engineering Sciences; Astronautics & Mathematics,Astronautics,Colonel,US Air Force (Retired),2,320,0,0,"STS-27 (Atlantis), STS-35 (Columbia)",NaN,NaN
116,Harrison H. Schmitt,1965,4,Retired,3/7/35,"Santa Rita, NM",Male,California Institute of Technology; Harvard Un...,Geology,Geology,Colonel,US Air Force (Retired),1,301,3,22,Apollo 17,NaN,NaN
117,Heidemarie M. Stefanyshyn-Piper,1996,16,Retired,7/2/63,"St. Paul, MN",Female,MIT,Mechanical Engineering,Geology,Captain,US Navy,2,663,2,33,"STS-115 (Atlantis), STS-126 (Endeavor)",NaN,NaN
118,Henry W. Hartsfield Jr.,1969,7,Retired,21-11-1933,"Birmingham, AL",Male,Auburn University; University of Tennessee,Physics,Engineering Science,Colonel,US Air Force (Retired),3,482,0,0,"STS-4 (Columbia), STS 41-D (Discovery), STS 61...",NaN,NaN
119,J. Mike Lounge,1980,9,Deceased,28-06-1946,"Denver, CO",Male,US Naval Academy; University of Colorado,Mathematics & Physics,Astrogeophysics,Colonel,US Air Force (Retired),3,483,0,0,"STS 51-I (Discovery), STS-26 (Discovery), STS-...",1/3/11,NaN
120,Jack D. Fischer,2009,20,Active,23-01-1974,"Louisville, CO",Male,US Air Force Academy; MIT,Astronautical Engineering,Aeronautics & Astronautics,Colonel,US Air Force (Retired),0,0,0,0,"STS 51-I (Discovery), STS-26 (Discovery), STS-...",NaN,NaN
121,Jack R. Lousma,1966,5,Retired,29-02-1936,"Grand Rapids, MI",Male,University of Michigan; US Naval Postgraduate ...,Aeronautical Engineering,Aeronautical Engineering,Colonel,US Marine Corps (Retired),2,1619,2,11,"Skylab 3, STS-3 (Columbia)",NaN,NaN
122,Jake Garn,1966,5,Retired,12/10/32,Richfield. UT,Male,University of Utah,Business Finance,Aeronautical Engineering,Colonel,US Marine Corps (Retired),1,167,0,0,STS 51-D (Discovery),NaN,NaN
123,James A. Lovell Jr.,1962,2,Retired,25-03-1928,"Cleveland, OH",Male,US Naval Academy,Business Finance,Aeronautical Engineering,Captain,US Navy (Retired),4,715,0,0,"Gemini 7, Gemini 12, Apollo 8, Apollo 13",NaN,NaN
124,James A. McDivitt,1984,2,Retired,10/6/29,"Chicago, IL",Male,University of Michigan,Astronautical Engineering,Aeronautical Engineering,Brigadier General,US Air Force (Retired),2,338,0,0,"Gemini 4, Apollo 9",NaN,NaN
125,James A. Pawelczyk,1984,2,Retired,20-09-1960,"Buffalo, NY",Male,University of Rochester; Pennsylvania State Un...,Biology & Psychology,Physiology; Biology,Brigadier General,US Air Force (Retired),1,381,0,0,STS-90 (Columbia),NaN,NaN
126,James B. Irwin,1966,5,Deceased,17-03-1930,"Pittsburgh, PA",Male,US Naval Academy; University of Michigan,Naval Sciences,Aeronautical Engineering,Colonel,US Air Force (Retired),1,295,3,20,Apollo 15,8/8/91,Natural causes
127,James C. Adamson,1984,10,Retired,3/3/46,"Warsaw, NY",Male,US Military Academy; Princeton University,Engineering,Aerospace Engineering,Colonel,US Army (Retired),2,334,0,0,"STS-28 (Columbia), STS-43 (Atlantis)",NaN,NaN
128,James D. Halsell Jr.,1990,13,Retired,29-09-1956,"Monroe, LA",Male,US Air Force Academy; Troy State University; U...,Engineering,Business Management; Space Operations,Colonel,US Air Force (Retired),5,1258,0,0,"STS-65 (Columbia), STS-74 (Atlantis), STS-83 (...",NaN,NaN
129,James D. van Hoften,1978,8,Retired,11/6/44,"Fresno, CA",Male,University of California-Berkeley; Colorado St...,Civil Engineering,Hydraulic Engineering; Fluid Mechanics,Colonel,US Air Force (Retired),2,338,4,22,"STS 41-C (Challenger), STS 51-I (Discovery)",NaN,NaN
130,James D. Wetherbee,1984,10,Retired,27-11-1952,"Flushing, NY",Male,University of Notre Dame,Aerospace Engineering,Hydraulic Engineering; Fluid Mechanics,Captain,US Navy (Retired),6,1594,0,0,"STS-32 (Columbia), STS-52 (Columbia), STS-63 (...",NaN,NaN
131,James F. Buchli,1978,8,Retired,20-06-1945,"New Rockford, ND",Male,US Naval Academy; University of West Florida,Aeronautical Engineering,Aeronautical Engineering Systems,Colonel,US Marine Corps (Retired),4,490,0,0,"STS 51-C (Discovery), STS 61-A (Challenger), S...",NaN,NaN
132,James F. Reilly II,1995,15,Retired,18-03-1954,"Mountain Home Air Force Base, ID",Male,University of Texas-Dallas,Geosciences,Geosciences,Colonel,US Marine Corps (Retired),3,854,5,31,"STS-89 (Endeavor), STS-104 (Atlantis), STS-117...",NaN,NaN
133,James H. Newman,1990,13,Retired,16-10-1956,"San Diego, CA",Male,Dartmouth College; Rice University,Physics,Physics,Colonel,US Marine Corps (Retired),4,1042,6,43,"STS-51 (Discovery), STS-69 (Endeavor), STS-88 ...",NaN,NaN
134,James M. Kelly,1996,16,Management,14-05-1964,"Burlington, IA",Male,US Air Force Academy; University of Alabama,Astronautical Engineering,Aerospace Engineering,Colonel,US Air Force (Retired),2,641,0,0,"STS-102 (Discovery), STS-114 (Discovery)",NaN,NaN
135,James P. Bagian,1980,9,Retired,22-02-1952,"Philadelphia, PA",Male,Drexel University; Thomas Jefferson University,Mechanical Engineering,Medicine,Colonel,US Air Force (Retired),2,337,0,0,"STS-29 (Discovery), STS-40 (Columbia)",NaN,NaN
136,James P. Dutton Jr.,2004,19,Management,20-11-1968,"Eugene, OR",Male,US Air Force Academy; University of Washington,Astronautical Engineering,Aeronautics & Astronautics,Colonel,US Air Force,1,362,0,0,STS-131 (Discovery),NaN,NaN
137,James S. Voss,1987,12,Retired,3/3/49,"Cordova, AL",Male,Auburn University; University of Colorado,Aerospace Engineering,Aerospace Engineering Sciences,Colonel,US Army (Retired),5,4853,4,22,"STS-44 (Atlantis), STS-53 (Discovery), STS-69 ...",NaN,NaN
138,Janet L. Kavandi,1995,15,Management,17-07-1959,"Springfield, MO",Female,Missouri Southern State College; University of...,Chemistry,Chemistry,Colonel,US Army (Retired),3,812,0,0,"STS-91 (Discovery), STS-99 (Endeavor), STS-104...",NaN,NaN
139,Janice E. Voss,1990,13,Deceased,8/10/56,"South Bend, IN",Female,Purdue University; MIT,Engineering Science,Electrical Engineering; Aeronautics & Astronau...,Colonel,US Army (Retired),5,1179,0,0,"STS-57 (Endeavor), STS-63 (Discovery), STS-83 ...",6/2/12,Natural causes
140,Jay Clark Buckey,1990,13,Retired,6/6/56,"New York, NY",Male,Cornell University,Electrical Engineering,Medicine,Colonel,US Army (Retired),1,381,0,0,STS-90 (Columbia),NaN,NaN
141,Jeanette J. Epps,2009,20,Active,3/11/70,"Syracuse, NY",Female,LeMoyne College; University of Maryland,Physics,Aerospace Engineering,Colonel,US Army (Retired),0,0,0,0,STS-90 (Columbia),NaN,NaN
142,Jeffrey A. Hoffman,1978,8,Retired,2/11/44,"Brooklyn, NY",Male,Amherst College; Rice University; Harvard Univ...,Astronomy,Materials Science; Astrophysics,Colonel,US Army (Retired),5,1211,4,25,"STS 51-D (Discovery), STS-35 (Columbia), STS-4...",NaN,NaN
143,Jeffrey N. Williams,1996,16,Active,18-01-1958,"Superior, WI",Male,US Military Academy; US Naval Postgraduate Sch...,Applied Science & Engineering,Aeronautical Engineering; National Security & ...,Colonel,US Army (Retired),4,12818,5,32,"STS-101 (Atlantis), ISS-13 (Soyuz), ISS-21/22 ...",NaN,NaN
144,Jeffrey S. Ashby,1995,15,Retired,1/6/54,"Dallas, TX",Male,University of Idaho; University of Tennessee,Mechanical Engineering,Aviation Systems,Captain,US Navy (Retired),3,655,0,0,"STS-93 (Columbia), STS-100 (Endeavor), STS-112...",NaN,NaN
145,Jerome Apt III,1985,11,Retired,18-04-1949,"Springfield, MA",Male,Harvard University; MIT,Physics,Physics,Captain,US Navy (Retired),4,847,2,11,"STS-37 (Atlantis), STS-47 (Endeavor), STS-59 (...",NaN,NaN
146,Jerry L. Ross,1980,9,Retired,20-01-1948,"Crown Point, IN",Male,Purdue University,Mechanical Engineering,Mechanical Engineering,Colonel,US Air Force (Retired),7,1393,9,58,"ST 61-B (Atlantis), ST-27 (Atlantis), ST-37 (A...",NaN,NaN
147,Jerry M. Linenger,1992,14,Retired,16-01-1955,"Mount Clemens, MI",Male,US Naval Academy; University of Southern Calif...,Bioscience,Systems Management; Public Health; Medicine; E...,Captain,US Navy (Retired),2,3435,1,5,"STS-64 (Discovery), STS-81/84 (Atlantis)",NaN,NaN
148,Joan E. Higginbotham,1996,16,Retired,3/8/64,"Chicago, IL",Female,Southern Illinois University-Carbondale; Flori...,Electrical Engineering,Business Management; Space Systems,Captain,US Navy (Retired),1,308,0,0,STS-116 (Discovery),NaN,NaN
149,Joe F. Edwards Jr.,1995,15,Retired,3/2/58,"Richmond, VA",Male,US Naval Academy; University of Tennessee-Knox...,Aerospace Engineering,Aviation Systems,Commander,US Navy (Retired),1,211,0,0,STS-89 (Endeavor),NaN,NaN
150,Joe H. Engle,1966,5,Retired,26-08-1932,"Dickinson, KS",Male,University of Kansas,Aeronautical Engineering,Aviation Systems,Major General,US Air Force (Retired),2,224,0,0,"STS-2 (Columbia), STS 51-I (Discovery)",NaN,NaN
151,John A. Llewellyn,1967,6,Retired,22-04-1933,"Cardiff, Wales",Male,University College at Cardiff,Chemistry,Chemistry,Major General,US Air Force (Retired),0,0,0,0,"STS-2 (Columbia), STS 51-I (Discovery)",NaN,NaN
152,John B. Herrington,1996,16,Retired,14-09-1958,"Wetumka, OK",Male,University of Colorado; US Naval Postgraduate ...,Applied Mathematics,Aeronautical Engineering,Commander,US Navy (Retired),1,330,3,20,STS-113 (Endeavor),NaN,NaN
153,John D. Olivas,1998,17,Retired,25-05-1966,"North Hollywood, CA",Male,University of Texas-El Paso; University of Hou...,Mechanical Engineering,Mechanical Engineering; Mechanical Engineeri...,Commander,US Navy (Retired),2,665,5,34,"STS-117 (Atlantis), STS-128 (Discovery)",NaN,NaN
154,John E. Blaha,1980,9,Retired,26-08-1942,"San Antonio, TX",Male,US Air Force Academy; Purdue University,Engineering Science,Astronautical Engineering,Colonel,US Air Force (Retired),5,3861,0,0,"STS-29 (Discovery), STS-33 (Discovery), STS-43...",NaN,NaN
155,John H. Casper,1984,10,Management,9/7/43,"Greenville, SC",Male,US Air Force Academy; Purdue University,Engineering Science,Astronautics,Colonel,US Air Force (Retired),4,825,0,0,"STS-36 (Atlantis), STS-54 (Endeavor), STS-62 (...",NaN,NaN
156,John H. Glenn Jr.,1959,1,Deceased,18-07-1921,"Cambridge, OH",Male,Muskingum College,Engineering,Astronautics,Colonel,US Marine Corps (Retired),2,218,0,0,"Mercury 6, STS-95 (Discovery)",8/12/16,Complications from surgery
157,John L. Phillips,1996,16,Retired,15-04-1951,"Ft. Belvoir, VA",Male,US Naval Academy; University of West Florida; ...,Mathematics; Russian,Aeronautical Systems; Geophysics & Space Physics,Captain,US Naval Reserves (Retired),3,4880,1,5,"STS-100 (Endeavor), ISS-11 (Soyuz), STS-119 (D...",NaN,NaN
158,John L. Swigert Jr.,1966,5,Deceased,30-08-1931,"Denver, CO",Male,University of Colorado; Rensselaer Polytechnic...,Mechanical Engineering,Aerospace Science; Business Administration,Captain,US Naval Reserves (Retired),1,142,0,0,Apollo 13,27-12-1982,Natural causes
159,John M. Fabian,1978,8,Retired,28-01-1939,"Goosecreek, TX",Male,Washington State University; US Air Force Inst...,Mechanical Engineering,Aerospace Engineering; Aeronautics & Astronautics,Colonel,US Air Force (Retired),2,316,0,0,"STS-7 (Challenger), STS 51-G (Discovery)",NaN,NaN
160,John M. Grunsfeld,1992,14,Management,10/10/58,"Chicago, IL",Male,MIT; University of Chicago,Physics,Physics,Colonel,US Air Force (Retired),5,1407,8,58,"STS-67 (Endeavor), STS-81 (Atlantis), STS-103 ...",NaN,NaN
161,John O. Creighton,1978,8,Retired,28-04-1943,"Orange, TX",Male,US Naval Academy; George Washington University,Physics,Science & Technology Administration,Captain,US Navy (Retired),3,404,0,0,"STS 51-G (Discovery), STS-36 (Atlantis), STS-4...",NaN,NaN
162,John S. Bull,1966,5,Deceased,25-09-1934,"Memphis, TN",Male,Rice University; Stanford University,Mechanical Engineering,Aeronautical Engineering,Captain,US Navy (Retired),0,0,0,0,"STS 51-G (Discovery), STS-36 (Atlantis), STS-4...",11/8/08,NaN
163,John W. Young,1962,2,Retired,24-09-1930,"San Francisco, CA",Male,Georgia Institute of Technology,Aeronautical Engineering,Aeronautical Engineering,Captain,US Navy (Retired),6,835,3,20,"Gemini 3, Gemini 10, Apollo 10, Apollo 16, STS...",NaN,NaN
164,John-David F. Bartoe,1962,2,Retired,17-11-1944,"Abington, PA",Male,Lehigh University; Georgetown University,Physics,Physics,Captain,US Navy (Retired),1,190,0,0,STS 51-F (Challenger),NaN,NaN
165,Jon A. McBride,1978,8,Retired,14-08-1943,"Charleston, WV",Male,US Naval Postgraduate School,Aeronautical Engineering,Physics,Captain,US Navy (Retired),1,197,0,0,STS 41-G (Challenger),NaN,NaN
166,Jose M. Hernandez,2004,19,Retired,7/8/62,"French Camp, CA",Male,University of the Pacific; University of Calif...,Electrical Engineering,Electrical & Computer Engineering,Captain,US Navy (Retired),1,332,0,0,STS-128 (Discovery),NaN,NaN
167,Joseph M. Acaba,2004,19,Active,17-05-1967,"Inglewood, CA",Male,University of California-Santa Barbara; Univer...,Geology,Geology,Captain,US Navy (Retired),2,3307,2,13,"STS-119 (Discovery), ISS-31/32 (Soyuz)",NaN,NaN
168,Joseph P. Allen,1967,6,Retired,27-06-1937,"Crawsfordsville, IN",Male,DePauw University; Yale University,Mathematics & Physics,Physics,Captain,US Navy (Retired),2,313,2,12,"ST-5 (Columbia), STS 51-A (Discovery)",NaN,NaN
169,Joseph P. Kerwin,1965,4,Retired,19-02-1932,"Oak Park, IL",Male,College of the Holy Cross; Northwestern Univer...,Philosophy,Medicine,Captain,US Navy (Retired),1,672,1,3,Skylab 2,NaN,NaN
170,Joseph R. Tanner,1992,14,Retired,21-01-1950,"Danville, IL",Male,University of Illinois,Mechanical Engineering,Medicine,Captain,US Navy (Retired),4,1045,7,46,"STS-66 (Atlantis), STS-82 (Discovery), STS-97 ...",NaN,NaN
171,Judith A. Resnik,1978,8,Deceased,5/4/49,"Akron, OH",Female,Carnegie-Mellon University; University of Mary...,Electrical Engineering,Electrical Engineering,Captain,US Navy (Retired),2,144,0,0,"STS 41-D (Discovery), STS 51-L (Challenger)",28-01-1986,STS 51-L (Challenger)
172,K. Megan McArthur,2000,18,Active,30-08-1971,"Honolulu, HI",Female,University of California-Los Angeles; Universi...,Aerospace Engineering,Oceanography,Captain,US Navy (Retired),1,309,0,0,STS-125 (Atlantis),NaN,NaN
173,Kalpana Chawla,1995,15,Deceased,1/6/61,"Karnal, India",Female,Punjab Engineering College; University of Texa...,Aeronautical Engineering,Aerospace Engineering,Captain,US Navy (Retired),2,734,0,0,"STS-87 (Columbia), STS-107 (Columbia)",1/2/03,STS-107 (Columbia)
174,Karen L. Nyberg,2000,18,Active,7/10/69,"Parker’s Prairie, MN",Female,University of North Dakota; University of Texas,Mechanical Engineering,Mechanical Engineering,Captain,US Navy (Retired),2,4320,0,0,"STS-124 (Discovery), ISS-36/37 (Soyuz)",NaN,NaN
175,Karl G. Henize,1967,6,Deceased,17-10-1926,"Cincinnati, OH",Male,University of Virginia; University of Michigan,Mathematics,Astronomy,Captain,US Navy (Retired),1,190,0,0,STS 51-F (Challenger),5/10/93,Natural causes
176,Karol J. Bobko,1969,7,Retired,23-12-1937,"New York, NY",Male,US Air Force Academy; University of Southern C...,Mathematics,Aerospace Engineering,Colonel,US Air Force (Retired),3,386,0,0,"STS-6 (Challenger), STS 51-D (Discovery), STS-...",NaN,NaN
177,Kathleen Rubins,2009,20,Active,14-10-1978,"Farmington, CT",Female,University of California-San Diego; Stanford U...,Molecular Biology,Cancer Biology,Colonel,US Air Force (Retired),1,2762,2,13,ISS-48/49 (Soyuz),NaN,NaN
178,Kathryn C. Thornton,1984,10,Retired,17-08-1952,"Montgomery, AL",Female,Auburn University; University of Virginia,Physics,Physics,Colonel,US Air Force (Retired),4,975,3,21,"STS-33 (Discovery), STS-49 (Endeavor), STS-61 ...",NaN,NaN
179,Kathryn D. Sullivan,1978,8,Retired,3/10/51,"Patterson, NJ",Female,University of California-Santa Cruz; Dalhousie...,Earth Sciences,Earth Sciences; Geology,Colonel,US Air Force (Retired),3,532,1,3,"STS 41-G (Challenger), STS-31 (Discovery), STS...",NaN,NaN
180,Kathryn P. Hire,1995,15,Management,26-08-1959,"Mobile, AL",Female,US Naval Academy; Florida State Institute of T...,Engineering Management,Space Technology,Captain,US Naval Reserves,2,711,0,0,"STS-90 (Columbia), STS-130 (Endeavor)",NaN,NaN
181,Kenneth D. Bowersox,1987,12,Retired,14-11-1956,"Portsmouth, VA",Male,US Naval Academy; Columbia University,Aerospace Engineering,Mechanical Engineering,Captain,US Navy (Retired),5,5078,2,13,"STS-50 (Columbia), STS-61 (Endeavor), STS-73 (...",NaN,NaN
182,Kenneth D. Cameron,1984,10,Retired,29-11-1949,"Cleveland, OH",Male,MIT; Michigan State University,Aeronautics & Astronautics,Aeronautics & Astronautics; Business Administr...,Colonel,US Marine Corps (Retired),3,562,0,0,"STS-37 (Atlantis), STS-56 (Discovery), STS-74 ...",NaN,NaN
183,Kenneth D. Cockrell,1990,13,Management,9/4/50,"Austin, TX",Male,University of Texas; University of West Florida,Mechanical Engineering,Aeronautical Systems,Colonel,US Naval Reserves,5,1548,0,0,"STS-56 (Discovery), STS-69 (Endeavor), STS-80 ...",NaN,NaN
184,Kenneth S. Reightler Jr.,1987,12,Retired,24-03-1951,"Patuxent River, MD",Male,US Naval Academy; US Naval Postgraduate School...,Aerospace Engineering,Aeronautical Engineering; Systems Management,Captain,US Navy (Retired),2,327,0,0,"STS-48 (Discovery), STS-60 (Discovery)",NaN,NaN
185,Kenneth T. Ham,1998,17,Retired,12/12/64,"Plainfield, NJ",Male,US Naval Academy; US Naval Postgraduate School,Aerospace Engineering,Aeronautical Engineering,Captain,US Navy,2,612,0,0,"STS-124 (Discovery), STS-132 (Atlantis)",NaN,NaN
186,Kent V. Rominger,1992,14,Retired,7/8/56,"Del Norte, CO",Male,Colorado State University; US Naval Postgradua...,Civil Engineering,Aeronautical Engineering,Captain,US Navy (Retired),5,1611,0,0,"STS-73 (Columbia), STS-80 (Columbia), STS-85 (...",NaN,NaN
187,Kevin A. Ford,2000,18,Active,7/7/60,"Portland, IN",Male,University of Notre Dame; Troy State Universit...,Aerospace Engineering,International Relations; Aerospace Engineering...,Colonel,US Air Force (Retired),2,3781,0,0,"STS-128 (Discovery), ISS-33/34 (Soyuz)",NaN,NaN
188,Kevin P. Chilton,1987,12,Retired,11/3/54,"Los Angeles, CA",Male,US Air Force Academy; Columbia University,Engineering Science,Mechanical Engineering,Brigadier General,US Air Force (Retired),3,700,0,0,"STS-49 (Endeavor), STS-59 (Endeavor), STS-76 (...",NaN,NaN
189,Kevin R. Kregel,1992,14,Retired,16-09-1956,"New York, NY",Male,US Air Force Academy; Troy State University,Astronautical Engineering,Public Administration,Brigadier General,US Air Force (Retired),4,1265,0,0,"STS-70 (Discovery), STS-78 (Columbia), STS-87 ...",NaN,NaN
190,Kjell N. Lindgren,2009,20,Active,23-01-1973,"Taipei, Taiwan",Male,US Air Force Academy; University of Colorado; ...,Biology,Medicine; Cardiovascular Physiology; Health In...,Brigadier General,US Air Force (Retired),1,3400,2,15,ISS-44/45 (Soyuz),NaN,NaN
191,L. Blaine Hammond Jr.,1984,10,Retired,16-01-1952,"Savannah, GA",Male,US Air Force Academy; Georgia Institute of Tec...,Engineering Science,Engineering Science,Colonel,US Air Force (Retired),2,462,0,0,"STS-39 (Discovery), STS-64 (Discovery)",NaN,NaN
192,L. Gordon Cooper Jr.,1959,1,Deceased,6/3/27,"Shawnee, OK",Male,Air Force Institute of Technology,Aeronautical Engineering,Engineering Science,Colonel,US Air Force (Retired),2,225,0,0,"Mercury 9, Gemini 5",4/10/04,Natural causes
193,Laurel B. Clark,1996,16,Deceased,10/3/61,"Ames, IA",Female,University of Wisconsin-Madison,Zoology,Medicine,Captain,US Navy,1,382,0,0,STS-107 (Columbia),1/2/03,STS-107 (Columbia)
194,Lawrence J. Delucas,1996,16,Retired,11/7/50,"Syracuse, NY",Male,University of Alabama at Birmingham,Chemistry; Physiological Optics,Chemistry; Biochemistry; Optometry,Captain,US Navy,1,331,0,0,STS-50 (Columbia),NaN,NaN
195,Lee J. Archambault,1998,17,Retired,25-08-1960,"Oak Park, IL",Male,University of Illinois-Urbana,Aeronautical & Astronautical Engineering,Aeronautical & Astronautical Engineering,Colonel,US Air Force,2,639,0,0,"STS-117 (Atlantis), STS-119 (Discovery)",NaN,NaN
196,Lee M. Morin,1996,16,Management,9/9/52,"Manchester, NH",Male,University of New Hampshire; University of Ala...,Mathematical & Electrical Science,Public Health; Biochemistry; Medicine; Microbi...,Captain,US Navy,1,259,2,14,STS-110 (Atlantis),NaN,NaN
197,Leland D. Melvin,1998,17,Management,15-02-1964,"Lynchburg, VA",Male,University of Richmond; University of Virginia,Chemistry,Materials Science Engineering,Captain,US Navy,2,565,0,0,"STS-122 (Atlantis), STS-129 (Atlantis)",NaN,NaN
198,Leroy Chiao,1990,13,Retired,28-08-1960,"Milwaukee, WI",Male,University of California-Berkeley; University ...,Chemical Engineering,Chemical Engineering,Captain,US Navy,4,5503,6,36,"STS-65 (Columbia), STS-72 (Endeavor), STS-92 (...",NaN,NaN
199,Linda M. Godwin,1985,11,Retired,2/7/52,"Cape Girardeau, MO",Female,Southeast Missouri State; University of Missouri,Mathematics & Physics,Physics,Captain,US Navy,4,918,2,10,"STS-37 (Atlantis), STS-59 (Endeavor), STS-76 (...",NaN,NaN
200,Lisa M. Nowak,1996,16,Retired,10/5/63,"Washington, DC",Female,US Naval Academy; US Naval Postgraduate School,Aerospace Engineering,Aeronautical Engineering,Captain,US Navy (Retired),1,306,0,0,STS-121 (Discovery),NaN,NaN
201,Lodewijk van den Berg,1996,16,Retired,24-03-1932,"Sluiskil, Netherlands",Male,Delft University of Technology; University of ...,Chemical Engineering,Applied Science,Captain,US Navy (Retired),1,168,0,0,STS 51-B (Challenger),NaN,NaN
202,Loren J. Shriver,1978,8,Retired,23-09-1944,"Jefferson, IA",Male,US Air Force Academy; Purdue University,Aeronautical Engineering,Astronautical Engineering,Colonel,US Air Force (Retired),3,386,0,0,"STS 51-C (Discovery), STS-31 (Discovery), STS-...",NaN,NaN
203,Loren W. Acton,1978,8,Retired,7/3/36,"Lewiston, MT",Male,Montana State University; University of Colorado,Engineering Physics,Solar Physics,Colonel,US Air Force (Retired),1,190,0,0,STS 51-F (Challenger),NaN,NaN
204,M. Scott Carpenter,1959,1,Retired,1/5/25,"Boulder, CO",Male,University of Colorado,Aeronautical Engineering,Solar Physics,Commander,US Navy (Retired),1,4,0,0,Mercury 7,NaN,NaN
205,Mae C. Jemison,1987,12,Retired,17-10-1956,"Decatur, AL",Female,Stanford University; Cornell University,Chemical Engineering,Medicine,Commander,US Navy (Retired),1,190,0,0,STS-47 (Endeavor),NaN,NaN
206,Manley Lanier Carter Jr.,1984,10,Deceased,15-08-1947,"Macon, GA",Male,Emory University,Chemistry,Medicine,Captain,US Navy,1,120,0,0,STS-33 (Discovery),4/5/91,NaN
207,Margaret Rhea Seddon,1978,8,Retired,8/11/47,"Murfreesboro, TN",Female,University of California-Berkeley; University ...,Physiology,Medicine,Captain,US Navy,3,722,0,0,"STS 51-D (Discovery), STS-40 (Columbia), STS-5...",NaN,NaN
208,Mario Runco Jr.,1987,12,Management,26-01-1952,"Bronx, NY",Male,City College of New York; Rutgers University,Earth & Planetary Science,Atmospheric Physics,Lieutenant Commander,US Navy (Retired),3,551,0,0,"STS-44 (Atlantis), STS-54 (Endeavor), STS-77 (...",NaN,NaN
209,Mark C. Lee,1984,10,Retired,14-08-1952,"Viroqua, WI",Male,US Air Force Academy; MIT,Civil Engineering,Mechanical Engineering,Colonel,US Air Force (Retired),4,789,4,26,"STS-30 (Atlantis), STS-47 (Endeavor), STS-64 (...",NaN,NaN
210,Mark E. Kelly,1996,16,Retired,21-02-1964,"Orange, NJ",Male,US Merchant Marine Academy; US Naval Postgradu...,Marine Engineering & Nautical Science,Aeronautical Engineering,Captain,US Navy (Retired),4,1298,0,0,"STS-108 (Endeavor), STS-121 (Discovery), STS-1...",NaN,NaN
211,Mark L. Polansky,1996,16,Retired,2/6/56,"Paterson, NJ",Male,Purdue University,Aeronautical & Astronautical Engineering,Aeronautical & Astronautical Engineering,Captain,US Navy (Retired),3,995,0,0,"STS-98 (Atlantis), ST-116 (Discovery), STS-127...",NaN,NaN
212,Mark N. Brown,1984,10,Retired,18-11-1951,"Valparaiso, IN",Male,Purdue University; Air Force Institute of Tech...,Aeronautical & Astronautical Engineering,Astronautical Engineering,Colonel,US Air Force (Retired),2,249,0,0,"STS 28 (Columbia), STS-48 (Discovery)",NaN,NaN
213,Mark T. Vande Hei,2009,20,Active,10/11/66,"Falls Church, VA",Male,Saint John’s University; Stanford University,Physics,Applied Physics,Colonel,US Army,0,0,0,0,"STS 28 (Columbia), STS-48 (Discovery)",NaN,NaN
214,Marsha S. Ivins,1984,10,Retired,15-04-1951,"Baltimore, MD",Female,University of Colorado,Aerospace Engineering,Applied Physics,Colonel,US Army,5,1341,0,0,"STS-32 (Columbia), STS-46 (Atlantis), STS-62 (...",NaN,NaN
215,Martin J. Fettman,1984,10,Retired,31-12-1956,"Brooklyn, NY",Male,Cornell University; Colorado State University,Animal Nutrition,Physiology,Colonel,US Army,1,336,0,0,STS-58 (Columbia),NaN,NaN
216,Mary E. Weber,1992,14,Retired,24-08-1962,"Cleveland, OH",Female,Purdue University; University of California-Be...,Chemical Engineering,Physical Chemistry,Colonel,US Army,2,450,0,0,"STS-70 (Discovery), STS-101 (Atlantis)",NaN,NaN
217,Mary L. Cleave,1980,9,Retired,5/2/47,"Southampton, NY",Female,Colorado State University; Utah State University,Biological Science,Microbial Ecology; Environmental Engineering,Colonel,US Army,2,262,0,0,"STS 61-B (Atlantis), STS-30 (Atlantis)",NaN,NaN
218,Michael A. Baker,1985,11,Management,27-10-1953,"Memphis, TN",Male,University of Texas,Aerospace Engineering,Microbial Ecology; Environmental Engineering,Captain,US Navy (Retired),4,965,0,0,"STS-43 (Atlantis), STS-52 (Columbia), STS-68 (...",NaN,NaN
219,Michael Collins,1963,3,Retired,31-10-1930,"Rome, Italy",Male,US Military Academy,Aerospace Engineering,Microbial Ecology; Environmental Engineering,Captain,US Air Force Reserves,2,266,1,1,"Gemini 10, Apollo 11",NaN,NaN
220,Michael E. Fossum,1998,17,Active,19-12-1957,"Sioux Falls, SD",Male,Texas A&M University; Air Force Institute of T...,Mechanical Engineering,Systems Engineering; Physical Science (Space S...,Captain,US Air Force Reserves (Retired),3,4651,7,48,"STS-121 (Discovery), STS-124 (Discovery), ISS-...",NaN,NaN
221,Michael E. Lopez-Alegria,1992,14,Retired,30-05-1958,"Madrid, Spain",Male,US Naval Academy; US Naval Postgraduate School,Systems Engineering,Aeronautical Engineering,Captain,US Navy (Retired),3,6190,10,67,"STS-73 (Columbia), STS-92 (Discovery), STS-113...",NaN,NaN
222,Michael J. Bloomfield,1995,15,Retired,16-03-1959,"Flint, MI",Male,US Air Force Academy; Old Dominion University,Engineering Mechanics,Engineering Management,Colonel,US Air Force (Retired),3,779,0,0,"STS-86 (Atlantis), STS-97 (Endeavor), STS-110 ...",NaN,NaN
223,Michael J. Foreman,1998,17,Management,29-03-1957,"Columbus, OH",Male,US Naval Academy; US Naval Postgraduate School,Aerospace Engineering,Aeronautical Engineering,Captain,US Navy (Retired),2,637,5,32,"STS-123 (Endeavor), STS-129 (Atlantis)",NaN,NaN
224,Michael J. Massimino,1996,16,Management,19-08-1962,"Oceanside, NY",Male,Columbia University; MIT,Industrial Engineering,Technology & Policy; Mechanical Engineering,Captain,US Navy (Retired),2,571,4,30,"STS-109 (Columbia), STS-125 (Atlantis)",NaN,NaN
225,Michael J. McCulley,1984,10,Retired,4/8/43,"San Diego, CA",Male,Purdue University,Metallurgical Engineering,Metallurgical Engineering,Captain,US Navy (Retired),1,119,0,0,STS-34 (Atlantis),NaN,NaN
226,Michael J. Smith,1980,9,Deceased,30-04-1945,"Beaufort, NC",Male,US Naval Academy; US Naval Postgraduate School,Naval Sciences,Aeronautical Engineering,Captain,US Navy,1,0,0,0,STS 51-L (Challenger),28-01-1986,STS 51-L (Challenger)
227,Michael L. Coats,1978,8,Retired,16-01-1946,"Sacramento, CA",Male,US Naval Academy; George Washington University...,Naval Sciences,Science & Technology Administration; Aeronauti...,Captain,US Navy (Retired),3,463,0,0,"STS 41-D (Discovery), STS-29 (Discovery), STS-...",NaN,NaN
228,Michael L. Gernhardt,1992,14,Management,4/5/56,"Mansfield, OH",Male,Vanderbilt University; University of Pennsylvania,Physics,Bioengineering,Captain,US Navy (Retired),4,1039,4,23,"STS-69 (Endeavor), STS-83 (Columbia), STS-94 (...",NaN,NaN
229,Michael P. Anderson,1995,15,Deceased,25-12-1959,"Plattsburgh, NY",Male,University of Washington; Creighton University,Physics & Astronomy,Physics,Lieutenant Colonel,US Air Force,2,594,0,0,"STS-89 (Endeavor), STS-107 (Columbia)",1/2/03,STS-107 (Columbia)
230,Michael R. Barratt,2000,18,Active,16-04-1959,"Vancouver, WA",Male,University of Washington; Northwestern Univers...,Zoology,Medicine; Aerospace Medicine,Lieutenant Colonel,US Air Force,2,5075,1,5,"ISS-19/20 (Soyuz), STS-133 (Discovery)",NaN,NaN
231,Michael R. Clifford,1990,13,Retired,13-10-1952,"San Bernardino, CA",Male,US Military Academy; Georgia Institute of Tech...,Zoology,Aerospace Engineering,Lieutenant Colonel,US Army (Retired),3,666,1,6,"STS-53 (Discovery), STS-59 (Endeavor), STS-76 ...",NaN,NaN
232,Michael S. Hopkins,2009,20,Active,28-12-1968,"Lebanon, MO",Male,University of Illinois; Stanford University,Aerospace Engineering,Aerospace Engineering,Colonel,US Air Force,1,3990,2,13,ISS-37/38 (Soyuz),NaN,NaN
233,Michael T. Good,2000,18,Management,13-10-1962,"Parma, OH",Male,University of Notre Dame,Aerospace Engineering,Aerospace Engineering,Colonel,US Air Force (Retired),2,592,4,30,"STS-125 (Atlantis), STS-132 (Atlantis)",NaN,NaN
234,Millie Hughes-Fulford,2000,18,Retired,21-12-1945,"Mineral Wells, TX",Female,Tarleton State University; Texas Woman’s Unive...,Chemistry & Biology,Aerospace Engineering,Colonel,US Air Force (Retired),1,218,0,0,STS-40 (Columbia),NaN,NaN
235,N. Jan Davis,1987,12,Retired,1/11/53,"Cocoa Beach, FL",Female,Georgia Institute of Technology; Auburn Univer...,Applied Biology; Mechanical Engineering,Mechanical Engineering,Colonel,US Air Force (Retired),3,673,0,0,"STS-47 (Endeavor), STS-60 (Discovery), STS-85 ...",NaN,NaN
236,Nancy J. Currie,1990,13,Management,29-12-1958,"Wilmington, DE",Female,Ohio State University; University of Southern ...,Biological Science,Safety Engineering; Industrial Engineering,Colonel,US Army (Retired),4,999,0,0,"STS-57 (Endeavor), STS-70 (Discovery), STS-88 ...",NaN,NaN
237,Neil A. Armstrong,1962,2,Deceased,5/8/30,"Wapakoneta, OH",Male,Purdue University; University of Southern Cali...,Aeronautical Engineering,Aerospace Engineering,Colonel,US Army (Retired),2,205,1,2,"Gemini 8, Apollo 11",25-08-2012,Complications from cardiac surgery
238,Neil W. Woodward III,1998,17,Retired,26-07-1962,"Chicago, IL",Male,MIT; University of Texas-Austin; George Washin...,Physics,Physics; Business Management,Commander,US Navy,0,0,0,0,"Gemini 8, Apollo 11",NaN,NaN
239,Niclolas J. M. Patrick,1998,17,Retired,22-03-1964,"North Yorkshire, England",Male,University of Cambridge; MIT,Engineering,Engineering; Mechanical Engineering,Commander,US Navy,2,638,3,18,"STS-116 (Discovery), STS-130 (Endeavor)",NaN,NaN
240,Nicole P. Stott,2000,18,Active,19-11-1962,"Albany, NY",Female,Embry-Riddle Aeronautical University; Universi...,Aeronautical Engineering,Engineering Management,Commander,US Navy,2,2477,1,6,"STS-128/129 (Discovery/Atlantis), STS-133 (Dis...",NaN,NaN
241,Norman E. Thagard,1978,8,Retired,3/7/43,"Marianna, FL",Male,Florida State University; University of Texas,Engineering Science,Engineering Science; Medicine,Commander,US Navy,5,3373,0,0,"STS-7 (Challenger), STS 51-B (Challenger), STS...",NaN,NaN
242,Owen K. Garriott,1965,4,Retired,22-11-1930,"Enid, OK",Male,University of Oklahoma; Stanford University,Electrical Engineering,Electrical Engineering,Commander,US Navy,2,1674,3,14,"Skylab 3, STS-9 (Columbia)",NaN,NaN
243,Pamela A. Melroy,1995,15,Retired,17-09-1961,"Palo Alto, CA",Female,Wellesley College; MIT,Physics & Astronomy,Earth & Planetary Sciences,Colonel,US Air Force (Retired),3,914,0,0,"STS-92 (Discovery), STS-112 (Atlantis), STS-12...",NaN,NaN
244,Patricia Hilliard Robertson,1998,17,Deceased,12/3/63,"Indiana, PA",Female,Indiana University of Pennsylvania; Medical Co...,Biology,Medicine,Colonel,US Air Force (Retired),0,0,0,0,"STS-92 (Discovery), STS-112 (Atlantis), STS-12...",24-05-2001,NaN
245,Patrick G. Forrester,1996,16,Management,31-03-1957,"El Paso, TX",Male,US Military Academy; University of Virginia,Applied Science & Engineering,Mechanical & Aerospace Engineering,Colonel,US Army (Retired),3,950,4,25,"STS-105 (Discovery), STS-117 (Atlantis), STS-1...",NaN,NaN
246,Paul D. Scully-Power,1996,16,Retired,28-05-1944,"Sydney, Australia",Male,University of Sydney,Applied Mathematics,Mechanical & Aerospace Engineering,Colonel,US Army (Retired),1,197,0,0,STS 41-G (Challenger),NaN,NaN
247,Paul J. Weitz,1966,5,Retired,25-06-1932,"Erie, PA",Male,Pennsylvania State University; US Naval Postgr...,Aeronautical Engineering,Aeronautical Engineering,Captain,US Navy (Retired),2,793,1,2,"Skylab 2, STS-6 (Challenger)",NaN,NaN
248,Paul S. Lockhart,1996,16,Retired,28-04-1956,"Amarillo, TX",Male,Texas Tech University; University of Texas,Mathematics,Aerospace Engineering,Colonel,US Air Force (Retired),2,663,0,0,"STS-111 (Endeavor), STS-113 (Endeavor)",NaN,NaN
249,Paul W. Richards,1996,16,Management,20-05-1964,"Scranton, PA",Male,Drexel University; University of Maryland,Mechanical Engineering,Mechanical Engineering,Colonel,US Air Force (Retired),1,307,1,6,STS-102 (Discovery),NaN,NaN
250,Peggy A. Whitson,1996,16,Active,9/2/60,"Mt. Ayr, IA",Female,Iowa Wesleyan College; Rice University,Chemistry & Biology,Biochemistry,Colonel,US Air Force (Retired),3,11698,7,46,"STS-111/113 (Endeavor), ISS-16 (Soyuz), ISS-50...",NaN,NaN
251,Peter J. K. Wisoff,1990,13,Retired,16-08-1958,"Norfolk, VA",Male,University of Virginia; Stanford University,Physics,Applied Physics,Colonel,US Air Force (Retired),4,1064,3,20,"STS-57 (Endeavor), STS-68 (Endeavor), STS-81 (...",NaN,NaN
252,Philip K. Chapman,1967,6,Retired,5/3/35,"Melbourne, Australia",Male,University of Sydney; MIT,Physics & Mathematics,Aeronautics & Astronautics; Instrumentation,Colonel,US Air Force (Retired),0,0,0,0,"STS-57 (Endeavor), STS-68 (Endeavor), STS-81 (...",NaN,NaN
253,Pierre J. Thuot,1985,11,Retired,19-05-1955,"Groton, CT",Male,US Naval Academy; University of Southern Calif...,Physics,Systems Management,Commander,US Navy,3,654,3,17,"STS-36 (Atlantis), STS-49 (Endeavor), STS-62 (...",NaN,NaN
254,Piers J. Sellers,1996,16,Management,11/4/55,"Crowborough, England",Male,University of Edinburgh; Leeds University,Ecological Science,Biometeorology,Commander,US Navy,3,839,6,41,"STS-112 (Atlantis), STS-121 (Discovery), STS-1...",NaN,NaN
255,Randolph J. Bresnik,2004,19,Active,11/9/67,"Fort Knox, KY",Male,The Citadel; University of Tennessee-Knoxville,Mathematics,Aviation Systems,Colonel,US Marine Corps,1,259,2,12,STS-129 (Atlantis),NaN,NaN
256,Rex J. Walheim,1996,16,Active,10/10/62,"Redwood, CA",Male,University of California-Berkeley; University ...,Mechanical Engineering,Industrial Engineering,Colonel,US Air Force (Retired),3,872,5,36,"STS-110 (Atlantis), STS-122 (Atlantis), STS-13...",NaN,NaN
257,Richard A. Mastracchio,1996,16,Active,11/2/60,"Waterbury, CT",Male,University of Connecticut; Rensselaer Polytech...,Electrical Engineering; Computer Science,Electrical Engineering; Physical Sciences,Colonel,US Air Force (Retired),4,5461,9,53,"STS-106 (Atlantis), STS-118 (Endeavor), STS-13...",NaN,NaN
258,Richard A. Searfoss,1990,13,Retired,5/6/56,"Mount Clemens, MI",Male,US Air Force Academy; California Institute of ...,Aeronautical Engineering,Aeronautics,Colonel,US Air Force (Retired),3,939,0,0,"STS-58 (Columbia), STS-76 (Atlantis), STS-90 (...",NaN,NaN
259,Richard F. Gordon Jr.,1963,3,Retired,5/10/29,"Seattle, WA",Male,University of Washington,Chemistry,Aeronautics,Captain,US Navy (Retired),2,315,1,0.5,"Gemini 11, Apollo 12",NaN,NaN
260,Richard H. Truly,1969,7,Retired,12/11/37,"Fayette, MS",Male,Georgia Institute of Technology,Aeronautical Engineering,Aeronautics,Vice Admiral,US Navy (Retired),2,199,0,0,"STS-2 (Columbia), STS-8 (Challenger)",NaN,NaN
261,Richard J. Hieb,1985,11,Retired,21-09-1955,"Jamestown, ND",Male,Northwest Nazarene College; University of Colo...,Mathematics & Physics,Aerospace Engineering,Vice Admiral,US Navy (Retired),3,766,3,18,"STS-39 (Discovery), STS-49 (Endeavor), STS-65 ...",NaN,NaN
262,Richard M. Linnehan,1992,14,Management,19-09-1957,"Lowell, MA",Male,University of New Hampshire; Ohio State Univer...,Animal Science,Veterinary Medicine; Public Administration,Vice Admiral,US Navy (Retired),4,1427,6,43,"STS-78 (Columbia), STS-90 (Columbia), STS-109 ...",NaN,NaN
263,Richard M. Mullane,1978,8,Retired,10/9/45,"Wichita Falls, TX",Male,US Military Academy; US Air Force Institute of...,Military Engineering,Aeronautical Engineering,Colonel,US Air Force (Retired),3,356,0,0,"STS 41-D (Discovery), STS-27 (Atlantis), STS-3...",NaN,NaN
264,Richard N. Richards,1980,9,Retired,24-08-1946,"Key West, FL",Male,University of Missouri; University of West Flo...,Chemical Engineering,Aeronautical Systems,Captain,US Navy (Retired),4,813,0,0,"STS-28 (Columbia), STS-41 (Discovery), STS-50 ...",NaN,NaN
265,Richard O. Covey,1978,8,Retired,1/8/46,"Fayetteville, AR",Male,US Air Force Academy; Purdue University,Engineering Science,Aeronautics & Astronautics,Colonel,US Air Force (Retired),4,645,0,0,"STS 51-l (Discovery), STS-26 (Discovery), STS-...",NaN,NaN
266,Richard R. Arnold II,2004,19,Active,26-11-1963,"Cheverly, MD",Male,Frostburg State University; University of Mary...,Accounting,Environmental Science,Colonel,US Air Force (Retired),1,307,2,12,STS-119 (Discovery),NaN,NaN
267,Rick D. Husband,1995,15,Deceased,12/7/57,"Amarillo, TX",Male,Texas Tech University; California State Univer...,Mechanical Engineering,Mechanical Engineering,Colonel,US Air Force,2,617,0,0,"STS-96 (Discovery), STS-107 (Columbia)",1/2/03,STS-107 (Columbia)
268,Robert A. Parker,1967,6,Retired,14-12-1936,"New York, NY",Male,Amherst College; California Institute of Techn...,Physics & Astronomy,Astronomy,Colonel,US Air Force,2,462,0,0,"STS-9 (Columbia), STS-35 (Columbia)",NaN,NaN
269,Robert C. Springer,1980,9,Retired,21-05-1942,"St. Louis, MO",Male,US Naval Academy; US Naval Postgraduate School,Naval Sciences,Operations Research,Colonel,US Marine Corps (Retired),2,237,0,0,"STS-29 (Discovery), STS-38 (Atlantis)",NaN,NaN
270,Robert Cenker,1980,9,Retired,5/11/48,"Uniontown, PA",Male,Pennsylvania State University; Rutgers University,Aerospace Engineering,Aerospace Engineering; Electrical Engineering,Colonel,US Marine Corps (Retired),1,146,0,0,STS 61-C (Columbia),NaN,NaN
271,Robert D. Cabana,1985,11,Management,23-01-1949,"Minneapolis, MN",Male,US Naval Academy,Mathematics,Aerospace Engineering; Electrical Engineering,Colonel,US Marine Corps (Retired),4,910,0,0,"STS-41 (Discovery), STS-53 (Discovery), STS-65...",NaN,NaN
272,Robert F. Overmyer,1969,7,Deceased,14-07-1936,"Lorain, OH",Male,Baldwin Wallace College; US Naval Postgraduate...,Physics,Aeronautics,Colonel,US Marine Corps (Retired),2,290,0,0,"STS-5 (Columbia), STS 51-B (Challenger)",22-03-1996,Natural causes
273,Robert L. Behnken,2000,18,Active,28-07-1970,"Creve Couer, MO",Male,Washington University; California Institute of...,Physics & Mechanical Engineering,Mechanical Engineering,Colonel,US Air Force,2,708,6,37,"STS-123 (Endeavor), STS-130 (Endeavor)",NaN,NaN
274,Robert L. Crippen,1969,7,Retired,11/9/37,"Beaumont, TX",Male,University of Texas,Aerospace Engineering,Mechanical Engineering,Captain,US Navy (Retired),4,565,0,0,"STS-1 (Columbia), STS-7 (Challenger), STS 41-C...",NaN,NaN
275,Robert L. Curbeam Jr.,1995,15,Retired,5/3/62,"Baltimore, MD",Male,US Naval Academy; US Naval Postgraduate School,Aerospace Engineering,Aerospace Engineering; Aeronautical & Astronau...,Captain,US Navy (Retired),3,902,7,45,"STS-85 (Discovery), STS-98 (Atlantis), STS-116...",NaN,NaN
276,Robert L. Gibson,1978,8,Retired,30-10-1946,"Cooperstown, NY",Male,California Polytechnic Institute,Aeronautical Engineering,Aerospace Engineering; Aeronautical & Astronau...,Captain,US Navy (Retired),5,868,0,0,"STS 41-B (Challenger), STS 61-C (Columbia), ST...",NaN,NaN
277,Robert L. Satcher Jr.,2004,19,Retired,22-09-1965,"Hampton, VA",Male,MIT; Harvard University,Chemical Engineering,Chemical Engineering; Medicine,Captain,US Navy (Retired),1,259,2,12,STS-129 (Atlantis),NaN,NaN
278,Robert L. Stewart,1978,8,Retired,13-08-1942,"Washington, DC",Male,University of Southern Mississippi; University...,Mathematics,Aerospace Engineering,Brigadier General,US Army (Retired),2,289,2,12,"STS 41-B (Challenger), STS 51-J (Atlantis)",NaN,NaN
279,Robert Shane Kimbrough,2004,19,Active,4/6/67,"Killeen, TX",Male,US Military Academy; Georgia Institute of Tech...,Aerospace Engineering,Operations Research,Colonel,US Army,3,3720,4,25,"STS-126 (Endeavor), ISS-49/50 (Soyuz)",NaN,NaN
280,Roger B. Chaffee,1963,3,Deceased,15-02-1935,"Grand Rapids, MI",Male,Purdue University,Aeronautical Engineering,Operations Research,Lieutenant Commander,US Navy,1,0,0,0,Apollo 1,27-01-1967,Apollo 1
281,Roger K. Crouch,1963,3,Retired,12/9/40,"Jamestown, TN",Male,Tennessee Polytechnic Institute; Virginia Poly...,Physics,Physics,Lieutenant Commander,US Navy,1,471,0,0,"STS-83 (Columbia), STS-94 (Columbia)",NaN,NaN
282,Ronald A. Parise,1963,3,Deceased,24-05-1951,"Warren, OH",Male,Youngstown State University; University of Flo...,Physics,Astronomy,Lieutenant Commander,US Navy,2,614,0,0,"STS-35 (Columbia), STS-67 (Endeavor)",9/5/08,Natural causes
283,Ronald E. Evans Jr.,1966,5,Deceased,10/11/33,"St. Francis, KS",Male,University of Kansas; US Naval Postgraduate Sc...,Electrical Engineering,Aeronautical Engineering,Captain,US Navy (Retired),1,301,1,1,Apollo 17,6/4/90,Due to heart attack
284,Ronald E. McNair,1978,8,Deceased,21-10-1950,"Lake City, SC",Male,North Carolina A&T State College; MIT,Physics,Physics,Captain,US Navy (Retired),2,191,0,0,"STS 41-B (Challenger), STS 51-L (Challenger)",28-01-1986,STS 51-L (Challenger)
285,Ronald J. Garan Jr.,2000,18,Management,20-10-1961,"Yonkers, NY",Male,State University of New York; Embry-Riddle Aer...,Business Economics,Aeronautics; Aerospace Engineering,Colonel,US Air Force (Retired),2,4271,4,27,"STS-124 (Discovery), ISS-27/28 (Soyuz)",NaN,NaN
286,Ronald J. Grabe,1980,9,Retired,13-06-1945,"New York, NY",Male,US Air Force Academy,Engineering Science,Aeronautics; Aerospace Engineering,Colonel,US Air Force (Retired),4,627,0,0,"STS 51-J (Atlantis), STS-30 (Atlantis), STS-42...",NaN,NaN
287,Ronald M. Sega,1990,13,Retired,4/12/52,"Cleveland, OH",Male,US Air Force Academy; Ohio State University; U...,Physics & Mathematics,Physics; Electrical Engineering,Colonel,US Air Force Reserves (Retired),2,420,0,0,"STS-60 (Discovery), STS-76 (Atlantis)",NaN,NaN
288,Roy D. Bridges Jr.,1980,9,Retired,19-07-1943,"Atlanta, GA",Male,US Air Force Academy; Purdue University,Engineering Science,Astronautics,Major General,US Air Force (Retired),1,190,0,0,STS 51-F (Challenger),NaN,NaN
289,Russell L. Schweickart,1963,3,Retired,25-10-1935,"Neptune, NJ",Male,MIT,Aeronautics & Astronautics,Aeronautics & Astronautics,Major General,US Air Force (Retired),1,241,1,1,Apollo 9,NaN,NaN
290,S. Christa McAuliffe,1963,3,Deceased,2/9/48,"Boston, MA",Female,Framingham State College; Bowie State College,Education,Education,Major General,US Air Force (Retired),1,0,0,0,STS 51-L (Challenger),28-01-1986,STS 51-L (Challenger)
291,S. David Griggs,1978,8,Deceased,7/9/39,"Portland, OR",Male,US Naval Academy; George Washington University,Education,Business Administration,Major General,US Air Force (Retired),1,167,1,3,STS 51-D (Discovery),17-06-1989,car accident
292,Sally K. Ride,1978,8,Deceased,26-05-1951,"Los Angeles, CA",Female,Stanford University,Physics; English,Physics,Major General,US Air Force (Retired),2,343,0,0,"STS-7 (Challenger), STS 41-G (Challenger)",23-07-2012,Pancreatic cancer
293,Samuel T. Durrance,1978,8,Retired,17-09-1943,"Tallahassee, FL",Male,California State University; University of Col...,Physics,Physics; Astrogeophysics,Major General,US Air Force (Retired),2,614,0,0,"STS-35 (Columbia), STS-67 (Endeavor)",NaN,NaN
294,Sandra H. Magnus,1996,16,Retired,30-10-1964,"Belleville, IL",Female,University of Missouri-Rolla; Georgia Institut...,Physics,Electrical Engineering; Materials Science & En...,Major General,US Air Force (Retired),3,3776,0,0,"STS-112 (Atlantis), STS-126/119 (Endeavor/Disc...",NaN,NaN
295,Scott D. Altman,1995,15,Retired,15-08-1959,"Lincoln, IL",Male,University of Illinois; US Naval Postgraduate ...,Aeronautical & Astronautical Engineering,Aeronautical Engineering,Captain,US Navy (Retired),4,1236,0,0,"STS-90 (Columbia), STS-106 (Atlantis), STS-109...",NaN,NaN
296,Scott D. Tingle,2009,20,Active,19-07-1965,"Attleboro, MA",Male,Southeastern Massachusetts University; Purdue ...,Mechanical Engineering,Mechanical Engineering,Commander,US Navy,0,0,0,0,"STS-90 (Columbia), STS-106 (Atlantis), STS-109...",NaN,NaN
297,Scott E. Parazynski,1992,14,Retired,28-07-1961,"Little Rock, AR",Male,Stanford University,Biology,Medicine,Commander,US Navy,5,1404,7,47,"STS-66 (Atlantis), STS-86 (Atlantis), STS-95 (...",NaN,NaN
298,Scott J. Horowitz,1992,14,Retired,24-03-1957,"Philadelphia, PA",Male,California State University-Northridge; Georgi...,Engineering,Aerospace Engineering,Colonel,US Air Force (Retired),4,1137,0,0,"STS-75 (Columbia), STS-82 (Discovery), STS-101...",NaN,NaN
299,Scott J. Kelly,1996,16,Active,21-02-1964,"Orange, NJ",Male,State University of New York Maritime College;...,Electrical Engineering,Aviation Systems,Captain,US Navy (Retired),4,12490,3,18,"STS-103 (Discovery), STS-118 (Endeavor), ISS-2...",NaN,NaN
300,Serena M. Aunon,2009,20,Active,9/4/76,"Indianapolis, IN",Female,George Washington University; University of Texas,Electrical Engineering,Medicine,Captain,US Navy (Retired),0,0,0,0,"STS-103 (Discovery), STS-118 (Endeavor), ISS-2...",NaN,NaN
301,Shannon W. Lucid,1978,8,Retired,14-01-1943,"Shanghai, China",Female,University of Oklahoma,Chemistry,Biochemistry,Captain,US Navy (Retired),5,5354,0,0,"STS 51-G (Discovery), STS-34 (Atlantis), STS-4...",NaN,NaN
302,Shannon Walker,2004,19,Active,4/6/65,"Houston, TX",Female,Rice University,Space Physics,Space Physics,Captain,US Navy (Retired),1,3919,0,0,ISS-24/25 (Soyuz),NaN,NaN
303,Sherwood C. Spring,1980,9,Retired,23-09-1944,"Hartford, CT",Male,US Military Academy; University of Arizona,Engineering,Aerospace Engineering,Colonel,US Army (Retired),1,165,2,12,STS 61-B (Atlantis),NaN,NaN
304,Sidney M. Gutierrez,1984,10,Retired,27-06-1951,"Albuquerque, NM",Male,US Air Force Academy; Webster College,Aeronautical Engineering,Business Management,Colonel,US Air Force (Retired),2,488,0,0,"STS-40 (Columbia), STS-59 (Endeavor)",NaN,NaN
305,Stanley G. Love,1998,17,Management,8/6/65,"San Diego, CA",Male,Harvey Mudd College; University of Washington,Physics,Astronomy,Colonel,US Air Force (Retired),1,306,2,15,STS-122 (Atlantis),NaN,NaN
306,Stephanie D. Wilson,1996,16,Active,27-09-1966,"Boston, MA",Female,Harvard University; University of Texas,Engineering Science,Aerospace Engineering,Colonel,US Air Force (Retired),3,1031,0,0,"STS-121 (Discovery), STS-120 (Discovery), STS-...",NaN,NaN
307,Stephen D. Thorne,1985,11,Deceased,11/2/53,"Frankfurt, West Germany",Male,US Naval Academy,Engineering,Aerospace Engineering,Lieutenant Commander,US Navy,0,0,0,0,"STS-121 (Discovery), STS-120 (Discovery), STS-...",24-05-1986,NaN
308,Stephen G. Bowen,2000,18,Active,13-02-1964,"Cohasset, MA",Male,US Naval Academy; MIT,Electrical Engineering,Ocean Engineering,Captain,US Navy,3,970,7,47,"STS-126 (Endeavor), STS-132 (Atlantis), STS-13...",NaN,NaN
309,Stephen K. Robinson,1995,15,Retired,26-10-1955,"Sacramento, CA",Male,University of California-Davis; Stanford Unive...,Mechanical & Aeronautical Engineering,Mechanical Engineering,Captain,US Navy,4,1162,3,20,"STS-85 (Discovery), STS-95 (Discovery), STS-11...",NaN,NaN
310,Stephen N. Frick,1996,16,Management,30-09-1961,"Pittsburgh, PA",Male,US Naval Academy; US Naval Postgraduate School,Aerospace Engineering,Aeronautical Engineering,Captain,US Navy (Retired),2,566,0,0,"STS-110 (Atlantis), STS-122 (Atlantis)",NaN,NaN
311,Stephen S. Oswald,1985,11,Retired,30-06-1951,"Seattle, WA",Male,US Naval Academy,Aerospace Engineering,Aeronautical Engineering,Captain,US Navy (Retired),3,814,0,0,"STS-42 (Discovery), STS-56 (Discovery), STS-67...",NaN,NaN
312,Steven A. Hawley,1978,8,Retired,12/12/51,"Ottawa, KS",Male,University of Kansas; University of California,Physics & Astronomy,Astronomy & Astrophysics,Captain,US Navy (Retired),5,770,0,0,"STS 41-D (Discovery), STS 61-C (Columbia), STS...",NaN,NaN
313,Steven L. Smith,1992,14,Management,30-12-1958,"Phoenix, AZ",Male,Stanford University,Electrical Engineering,Electrical Engineering,Captain,US Navy (Retired),4,960,7,49,"STS-68 (Endeavor), STS-82 (Discovery), STS-103...",NaN,NaN
314,Steven R. Nagel,1978,8,Retired,27-10-1946,"Canton, IL",Male,University of Illinois; California State Unive...,Aerospace Engineering,Mechanical Engineering,Colonel,US Air Force (Retired),4,721,0,0,"STS 51-G (Discovery), STS 61-A (Challenger), S...",NaN,NaN
315,Steven R. Swanson,1998,17,Active,3/12/60,"Syracuse, NY",Male,University of Colorado; Florida Atlantic Unive...,Engineering Physics,Computer Systems; Computer Science,Colonel,US Air Force (Retired),3,4700,5,28,"STS-117 (Atlantis), STS-119 (Discovery), ISS-3...",NaN,NaN
316,Steven W. Lindsey,1995,15,Retired,24-08-1960,"Arcadia, CA",Male,US Air Force Academy; US Air Force Institute o...,Engineering Science,Aeronautical Engineering,Colonel,US Air Force (Retired),5,1510,0,0,"STS-87 (Columbia), STS-95 (Discovery), STS-104...",NaN,NaN
317,Story Musgrave,1967,6,Retired,19-08-1935,"Boston, MA",Male,Syracuse University; Marietta College; Univers...,Mathematics & Statistics; Chemistry,Business Administration; Physiology; Literatur...,Colonel,US Air Force (Retired),6,1281,4,26,"STS-6 (Challenger), STS 51-F (Challenger), STS...",NaN,NaN
318,Stuart A. Roosa,1966,5,Deceased,16-08-1933,"Durango, CO",Male,University of Colorado,Aeronautical Engineering,Business Administration; Physiology; Literatur...,Colonel,US Air Force (Retired),1,216,0,0,Apollo 14,12/12/94,Natural causes
319,Sunita L. Williams,1998,17,Active,19-09-1965,"Euclid, OH",Female,US Naval Academy; Florida Institute of Technology,Physical Science,Engineering Management,Captain,US Navy,2,7721,7,50,"STS-116/117 (Discovery/Atlantis), ISS-32/33 (S...",NaN,NaN
320,Susan J. Helms,1990,13,Retired,26-02-1958,"Charlotte, NC",Female,US Air Force Academy; Stanford University,Aeronautical Engineering,Aeronautics & Astronautics,Lieutenant General,US Air Force,5,5063,1,9,"STS-54 (Endeavor), STS-64 (Discovery), STS-78 ...",NaN,NaN
321,Susan L. Kilrain (Still),1995,15,Retired,24-10-1961,"Augusta, GA",Female,Embry-Riddle University; Georgia Institute of ...,Astronautical Engineering,Aerospace Engineering,Commander,US Navy (Retired),2,472,0,0,"STS-83 (Columbia), STS-94 (Columbia)",NaN,NaN
322,Tamara E. Jernigan,1985,11,Retired,7/5/59,"Chattanooga, TN",Female,Stanford University; University of California-...,Physics,Engineering Science; Astronomy,Commander,US Navy (Retired),5,1489,1,8,"STS-40 (Columbia), STS-52 (Columbia), STS-67 (...",NaN,NaN
323,Taylor G. Wang,1985,11,Retired,16-06-1940,"Jiangxi, China",Male,University of California at Los Angeles,Physics,Physics,Commander,US Navy (Retired),1,168,0,0,STS 51-B (Challenger),NaN,NaN
324,Terence T. Henricks,1985,11,Retired,5/7/52,"Bryan, OH",Male,US Air Force Academy; Golden Gate University,Civil Engineering,Public Administration,Colonel,US Air Force (Retired),4,1026,0,0,"STS-44 (Atlantis), STS-55 (Columbia), STS-70 (...",NaN,NaN
325,Terrence W. Wilcutt,1990,13,Management,31-10-1949,"Russellville, KY",Male,Western Kentucky University,Mathematics,Public Administration,Colonel,US Air Force (Retired),4,1008,0,0,"STS-68 (Endeavor), STS-79 (Atlantis), STS-89 (...",NaN,NaN
326,Terry J. Hart,1978,8,Retired,27-10-1946,"Pittsburgh, PA",Male,Lehigh University; MIT; Rutgers University,Mechanical Engineering,Mechanical Engineering; Electrical Engineering,Colonel,US Air Force (Retired),1,167,0,0,STS 41-C (Challenger),NaN,NaN
327,Terry W. Virts Jr.,2000,18,Active,1/12/67,"Baltimore, MD",Male,US Air Force Academy; Embry-Riddle Aeronautica...,Mathematics,Aeronautics,Colonel,US Air Force,2,5122,3,18,"STS-130 (Endeavor), ISS-42/43 (Soyuz)",NaN,NaN
328,Theodore C. Freeman,1963,3,Deceased,18-02-1930,"Haversford, PA",Male,US Naval Academy; University of Michigan,Mathematics,Aeronautical Engineering,Captain,US Air Force,0,0,0,0,"STS-130 (Endeavor), ISS-42/43 (Soyuz)",31-10-1964,T-38 jet aircraft
329,Thomas D. Akers,1987,12,Retired,20-05-1951,"St. Louis, MO",Male,University of Missouri-Rolla,Applied Mathematics,Applied Mathematics,Colonel,US Air Force (Retired),4,814,4,29,"STS-41 (Discovery), STS-49 (Endeavor), STS-61 ...",NaN,NaN
330,Thomas D. Jones,1990,13,Retired,22-01-1955,"Baltimore, MD",Male,US Air Force Academy; University of Arizona,Applied Mathematics,Planetary Science,Colonel,US Air Force (Retired),4,1272,3,20,"STS-59 (Endeavor), STS-68 (Endeavor), STS-80 (...",NaN,NaN
331,Thomas H. Marshburn,2004,19,Active,29-08-1960,"Statesville, NC",Male,Davidson College; University of Virginia; Wake...,Physics,Engineering Physics; Medicine; Medical Science,Colonel,US Air Force (Retired),2,3871,4,24,"STS-127 (Endeavor), ISS-34/35 (Soyuz)",NaN,NaN
332,Thomas J. Hennen,2004,19,Retired,17-08-1952,"Albany, GA",Male,NaN,Physics,Engineering Physics; Medicine; Medical Science,Chief Warrant Officer,US Army (Retired),1,166,0,0,STS-44 (Atlantis),NaN,NaN
333,Thomas K. Mattingly II,1966,5,Retired,17-03-1936,"Chicago, IL",Male,Auburn University,Aeronautical Engineering,Engineering Physics; Medicine; Medical Science,Rear Admiral,US Navy (Retired),3,508,1,1,"Apollo 16, STS-4 (Columbia), STS 51-C (Discovery)",NaN,NaN
334,Thomas P. Stafford,1962,2,Retired,17-09-1930,"Weatherford, OK",Male,US Naval Academy,Aeronautical Engineering,Engineering Physics; Medicine; Medical Science,Lieutenant General,US Air Force (Retired),4,507,0,0,"Gemini 6, Gemini 9, Apollo 10, Apollo-Soyuz Te...",NaN,NaN
335,Timothy J. Creamer,1998,17,Management,15-11-1959,"Ft. Huachuca, AZ",Male,Loyola College; MIT,Chemistry,Physics,Colonel,US Army (Retired),1,3917,0,0,ISS-22/23 (Soyuz),NaN,NaN
336,Timothy L. Kopra,2000,18,Active,9/4/63,"Austin, TX",Male,US Military Academy; Georgia Institute of Tech...,Computer Science,Aerospace Engineering; Strategic Studies,Colonel,US Army (Retired),2,5857,3,13,"STS-127/128 (Endeavor/Discovery), ISS-46/47 (S...",NaN,NaN
337,Tracy E. Caldwell (Dyson),1998,17,Active,14-08-1969,"Arcadia, CA",Female,California State University-Fullerton; Univers...,Chemistry,Physical Chemistry,Colonel,US Army (Retired),2,4531,3,23,"STS-118 (Endeavor), ISS-23/24 (Soyuz)",NaN,NaN
338,Vance D. Brand,1966,5,Retired,9/5/31,"Longmont, CA",Male,University of Colorado; University of Californ...,Business Management; Aeronautical Engineering,Business Administration,Colonel,US Marine Corps Reserves,4,752,0,0,"Apollo-Soyuz Test Project, STS-5 (Columbia), S...",NaN,NaN
339,Virgil I. Grissom,1959,1,Deceased,3/4/26,"Mitchell, IN",Male,Purdue University,Mechanical Engineering,Business Administration,Lieutenant Colonel,US Air Force,2,5,0,0,"Mercury 4, Gemini 3, Apollo 1",27-01-1967,Apollo 1
340,Walter Cunningham,1963,3,Retired,16-03-1932,"Creston, IA",Male,University of California-Los Angeles,Physics,Physics,Colonel,US Marine Corps Reserves,1,260,0,0,Apollo 7,NaN,NaN
341,Walter M. Schirra Jr.,1959,1,Deceased,12/3/23,"Hackensack, NJ",Male,US Naval Academy,Naval Sciences,Physics,Captain,US Navy (Retired),3,295,0,0,"Mercury 8, Gemini 6, Apollo 7",2/5/07,Natural causes
342,Wendy B. Lawrence,1992,14,Retired,2/7/59,"Jacksonville, FL",Female,US Naval Academy; MIT,Ocean Engineering,Ocean Engineering,Captain,US Navy (Retired),4,1223,0,0,"STS-67 (Endeavor), STS-86 (Atlantis), STS-91 (...",NaN,NaN
343,William A. Anders,1963,3,Retired,17-10-1933,Hong Kong,Male,US Naval Academy; Air Force Institute of Techn...,Nuclear Engineering,Nuclear Engineering,Major General,US Air Force Reserves (Retired),1,147,0,0,Apollo 8,NaN,NaN
344,William A. Oefelein,1998,17,Retired,29-03-1965,"Ft. Belvoir, VA",Male,Oregon State University; University of Tennessee,Electrical Engineering,Aviation Systems,Commander,US Navy (Retired),1,308,0,0,STS-116 (Discovery),NaN,NaN
345,William A. Pailes,1998,17,Retired,26-06-1952,"Hackensack, NJ",Male,US Air Force Academy; Texas A&M University,Computer Science,Computer Science,Colonel,US Air Force (Retired),1,97,0,0,STS 51-J (Atlantis),NaN,NaN
346,William B. Lenoir,1967,6,Deceased,14-03-1939,"Miami, FL",Male,MIT,Electrical Engineering,Electrical Engineering,Colonel,US Air Force (Retired),1,122,0,0,STS-5 (Columbia),26-08-2010,Natural causes
347,William C. McCool,1996,16,Deceased,23-09-1961,"San Diego, CA",Male,US Naval Academy; University of Maryland; US N...,Naval Sciences,Computer Science; Aeronautical Engineering,Commander,US Navy,1,382,0,0,STS-107 (Columbia),1/2/03,STS-107 (Columbia)
348,William E. Thornton,1967,6,Retired,14-04-1929,"Faison, NC",Male,University of North Carolina,Physics,Medicine,Commander,US Navy,2,315,0,0,"STS-8 (Challenger), STS 51-B (Challenger)",NaN,NaN
349,William F. Fisher,1980,9,Retired,1/4/46,"Dallas, TX",Male,Stanford University; University of Houston; Un...,Physics,Engineering; Medicine,Commander,US Navy,1,170,2,12,STS 51-I (Discovery),NaN,NaN
350,William F. Readdy,1987,12,Retired,24-01-1952,"Quonset Point, RI",Male,US Naval Academy,Aerospace Engineering,Engineering; Medicine,Captain,US Navy (Retired),3,672,0,0,"STS-42 (Discovery), STS-51 (Discovery), STS-79...",NaN,NaN
351,William G. Gregory,1990,13,Retired,14-05-1957,"Lockport, NY",Male,US Air Force Academy; Columbia University; Tro...,Engineering Science,Engineering Mechanics; Business Management,Lieutenant Colonel,US Air Force,1,399,0,0,STS-67 (Endeavor),NaN,NaN
352,William M. Shepherd,1984,10,Retired,26-07-1949,"Oak Ridge, TN",Male,US Naval Academy; MIT,Aerospace Engineering,Mechanical Engineering,Captain,US Navy (Retired),4,3823,0,0,"STS-37 (Atlantis), STS-41 (Discovery), STS-52 ...",NaN,NaN
353,William R. Pogue,1966,5,Retired,23-01-1930,"Okemah, OK",Male,Oklahoma Baptist University; Oklahoma State Un...,Education,Mathematics,Colonel,US Air Force (Retired),1,2017,2,13,Skylab 4,NaN,NaN
354,William S. McArthur Jr.,1990,3,Management,26-07-1951,"Laurinburg, NC",Male,US Military Academy; Georgia Institute of Tech...,Applied Science & Engineering,Aerospace Engineering,Colonel,US Army (Retired),4,5398,4,24,"STS-58 (Columbia), STS-74 (Atlantis), STS-92 (...",NaN,NaN
355,Winston E. Scott,1992,14,Retired,6/8/50,"Miami, FL",Male,Florida State University; US Naval Postgraduat...,Music,Aeronautical Engineering,Captain,US Navy (Retired),2,590,3,19,"STS-72 (Endeavor), STS-87 (Columbia)",NaN,NaN
356,Yvonne D. Cagle,1996,16,Management,24-04-1959,"West Point, NY",Female,San Francisco State University,Biochemistry,Aeronautical Engineering,Colonel,US Air Force,0,0,0,0,"STS-72 (Endeavor), STS-87 (Columbia)",NaN,NaN
Task 2: Exploring Data Completeness.,,,,,,,,,,,,,,,,,,,